<?xml version="1.0" encoding="utf-8" ?>
<dwsync>
<file name="bg_noise.png" server="www.dreamshock.com/public_html/" local="129259197460000000" remote="130096675200000000" Dst="2" />
<file name="border_button_back.png" server="www.dreamshock.com/public_html/" local="129362744120000000" remote="130096675200000000" Dst="2" />
<file name="chevron_circle.svg" server="www.dreamshock.com/public_html/" local="129362932200000000" remote="130096675200000000" Dst="2" />
<file name="chevron.svg" server="www.dreamshock.com/public_html/" local="129362812980000000" remote="130096675200000000" Dst="2" />
<file name="chevron_dark.svg" server="www.dreamshock.com/public_html/" local="129364592720000000" remote="130096675200000000" Dst="2" />
<file name="loading.gif" server="www.dreamshock.com/public_html/" local="129347487480000000" remote="130096675200000000" Dst="2" />
<file name="mask_button_back.svg" server="www.dreamshock.com/public_html/" local="129362758420000000" remote="130096675200000000" Dst="2" />
<file name="on_off.png" server="www.dreamshock.com/public_html/" local="129347487480000000" remote="130096675200000000" Dst="2" />
</dwsync>