<?xml version="1.0" encoding="UTF-8"?>

<!-- config.xml reference: https://build.phonegap.com/docs/config-xml -->
<widget xmlns     = "http://www.w3.org/ns/widgets"
        xmlns:gap = "http://phonegap.com/ns/1.0"
        id        = "org.clevelandapl.app"
        version   = "1.1">

    <name>Clev APL</name>

    <description>
        The Cleveland Animal Protective League (APL) app lets you view dogs, cats and small mammals that are currently available for adoption at the Cleveland APL’s downtown location and at our PetSmart Charities® Everyday Adoption Center in Parma. It will benefit to anyone looking to adopt an animal now or in the future.  You can also save your favorite animals within the app, learn about the APL and its programs and services, and ways you can help support the APL and its mission to foster compassion and end animal suffering.
    </description>

    <author href="http://stream9.com/" email="info@stream9.net">
        Stream 9, LLC
    </author>

    <!--
        Enable individual API permissions by defining each here.
        The 'device' permission is required for the 'deviceready' event.
    -->
    <feature name="http://api.phonegap.com/1.0/device" />
    <feature name="http://api.phonegap.com/1.0/network" />
    <feature name="http://api.phonegap.com/1.0/file" />

    <!--
        If you do not want any permissions to be added to your app, add the
        following tag to your config.xml; you will still have the INTERNET
        permission on your app, which PhoneGap requires.
    -->
    <preference name="permissions"                value="none"/>

    <!-- Customize your app and platform with the preference element. -->
    <preference name="phonegap-version"           value="2.9.0" />          <!-- all: current version of PhoneGap -->
    <preference name="orientation"                value="portrait" />       <!-- all: default means both landscape and portrait are enabled -->
    <preference name="target-device"              value="universal" />      <!-- all: possible values handset, tablet, or universal -->
    <preference name="fullscreen"                 value="true" />           <!-- all: hides the status bar at the top of the screen -->
    <preference name="webviewbounce"              value="false" />           <!-- ios: control whether the screen 'bounces' when scrolled beyond the top -->
    <preference name="prerendered-icon"           value="true" />           <!-- ios: if icon is prerendered, iOS will not apply it's gloss to the app's icon on the user's home screen -->
    <preference name="stay-in-webview"            value="true" />          <!-- ios: external links should open in the default browser, 'true' would use the webview the app lives in -->
    <preference name="ios-statusbarstyle"         value="black-translucent" />   <!-- ios: black-translucent will appear black because the PhoneGap webview doesn't go beneath the status bar -->
    <preference name="detect-data-types"          value="true" />           <!-- ios: controls whether data types (such as phone no. and dates) are automatically turned into links by the system -->
    <preference name="exit-on-suspend"            value="false" />          <!-- ios: if set to true, app will terminate when home button is pressed -->
    <preference name="show-splash-screen-spinner" value="true" />           <!-- ios: if set to false, the spinner won't appear on the splash screen during app loading -->
    <preference name="auto-hide-splash-screen"    value="true" />           <!-- ios: if set to false, the splash screen must be hidden using a JavaScript API -->
    <preference name="disable-cursor"             value="false" />          <!-- blackberry: prevents a mouse-icon/cursor from being displayed on the app -->
    <preference name="android-minSdkVersion"      value="7" />             <!-- android: MIN SDK version supported on the target device. MAX version is blank by default. -->
    <preference name="android-installLocation"    value="auto" />           <!-- android: app install location. 'auto' will choose. 'internalOnly' is device memory. 'preferExternal' is SDCard. -->
    <gap:platform name="ios" />
    <gap:platform name="android" />

    <!-- Plugins can also be added here. -->
    <!--
        <gap:plugin name="Example" />
        A list of available plugins are available at https://build.phonegap.com/docs/plugins
    -->
    <gap:plugin name="com.phonegap.plugins.childbrowser" />

    <!-- Define app icon for each platform. -->
    <icon src="img/Icon@2x.png" />
    <icon src="img/Icon@2x.png"   gap:platform="android"    gap:density="ldpi" />
    <icon src="img/Icon@2x.png"   gap:platform="android"    gap:density="mdpi" />
    <icon src="img/Icon@2x.png"   gap:platform="android"    gap:density="hdpi" />
    <icon src="img/Icon@2x.png"   gap:platform="android"    gap:density="xhdpi" />
    <!--<icon src="img/Icon@2x.png"   gap:platform="blackberry" />
    <icon src="img/Icon@2x.png"   gap:platform="blackberry" gap:state="hover"/>-->
    <icon src="img/Icon-57.png"   gap:platform="ios"        width="57" height="57" />
    <icon src="img/Icon-72.png"   gap:platform="ios"        width="72" height="72" />
    <icon src="img/Icon-114.png"   gap:platform="ios"        width="114" height="114" />
    <icon src="img/Icon-144.png"   gap:platform="ios"        width="144" height="144" />
    <!--<icon src="img/Icon@2x.png"   gap:platform="webos" />
    <icon src="img/Icon@2x.png"   gap:platform="winphone" />
    <icon src="img/Icon@2x.png"   gap:platform="winphone"   gap:role="background" />-->

    <!-- Define app splash screen for each platform. -->
    <gap:splash src="img/splash.png"  gap:platform="android" gap:density="ldpi" />
    <gap:splash src="img/splash.png"  gap:platform="android" gap:density="mdpi" />
    <gap:splash src="img/splash.png"  gap:platform="android" gap:density="hdpi" />
    <gap:splash src="img/splash.png"  gap:platform="android" gap:density="xhdpi" />
    <!--<gap:splash src="img/splash.png"  gap:platform="blackberry" />-->

    <gap:splash src="img/splash640x1136.png"  gap:platform="ios" width="640" height="1136"/>
    <gap:splash src="img/splash768x1024.png"  gap:platform="ios" width="768" height="1024"/>
    <gap:splash src="img/splash2048x1536.png"  gap:platform="ios" width="2048" height="1536"/>
    <gap:splash src="img/splash640x960.png"  gap:platform="ios" width="640" height="960"/>
    <gap:splash src="img/splash1024x768.png"  gap:platform="ios" width="1024" height="768"/>
    <gap:splash src="img/splash320x480.png"  gap:platform="ios" width="320" height="480"/>
    <gap:splash src="img/splash1536x2016.png"  gap:platform="ios" width="1536" height="2016"/>

    <!--<gap:splash src="img/splash.png"  gap:platform="winphone" />-->

    <!--
        Define access to external domains.

        <access />            - a blank access tag denies access to all external resources.
        <access origin="*" /> - a wildcard access tag allows access to all external resource.

        Otherwise, you can specify specific domains:
    -->
    <access origin="*"/> <!-- allow local pages -->
    <!--
        <access origin="http://phonegap.com" />                    - allow any secure requests to http://honegap.com/
        <access origin="http://phonegap.com" subdomains="true" />  - same as above, but including subdomains, such as http://build.phonegap.com/
        <access origin="http://phonegap.com" browserOnly="true" /> - only allows http://phonegap.com to be opened by the child browser.
    -->

</widget>