<?xml version="1.0" encoding="utf-8" ?>
<dwsync>
<file name="opensans-bold-webfont.eot" server="www.dreamshock.com/public_html/" local="130350335940000000" remote="130350560400000000" Dst="1" />
<file name="opensans-bold-webfont.svg" server="www.dreamshock.com/public_html/" local="130350335940000000" remote="130350560400000000" Dst="1" />
<file name="opensans-light-webfont.eot" server="www.dreamshock.com/public_html/" local="130350335940000000" remote="130350560400000000" Dst="1" />
<file name="opensans-bold-webfont.ttf" server="www.dreamshock.com/public_html/" local="130350335940000000" remote="130350560400000000" Dst="1" />
<file name="opensans-bold-webfont.woff" server="www.dreamshock.com/public_html/" local="130350335940000000" remote="130350560400000000" Dst="1" />
<file name="opensans-light-webfont.svg" server="www.dreamshock.com/public_html/" local="130350335940000000" remote="130350560400000000" Dst="1" />
<file name="opensans-light-webfont.woff" server="www.dreamshock.com/public_html/" local="130350335940000000" remote="130350560400000000" Dst="1" />
<file name="opensans-light-webfont.ttf" server="www.dreamshock.com/public_html/" local="130350335940000000" remote="130350560400000000" Dst="1" />
<file name="opensans-regular-webfont.eot" server="www.dreamshock.com/public_html/" local="130350335940000000" remote="130350560400000000" Dst="1" />
<file name="opensans-regular-webfont.ttf" server="www.dreamshock.com/public_html/" local="130350335940000000" remote="130350560400000000" Dst="1" />
<file name="opensans-regular-webfont.woff" server="www.dreamshock.com/public_html/" local="130350335940000000" remote="130350560400000000" Dst="1" />
<file name="opensans-regular-webfont.svg" server="www.dreamshock.com/public_html/" local="130350335940000000" remote="130350560400000000" Dst="1" />
<file name="opensans-semibold-webfont.eot" server="www.dreamshock.com/public_html/" local="130350335940000000" remote="130350560400000000" Dst="1" />
<file name="opensans-semibold-webfont.ttf" server="www.dreamshock.com/public_html/" local="130350335940000000" remote="130350560400000000" Dst="1" />
<file name="opensans-semibold-webfont.woff" server="www.dreamshock.com/public_html/" local="130350335940000000" remote="130350560400000000" Dst="1" />
<file name="opensans-semibold-webfont.svg" server="www.dreamshock.com/public_html/" local="130350335940000000" remote="130350560400000000" Dst="1" />
</dwsync>