<?xml version="1.0" encoding="utf-8" ?>
<dwsync>
<file name="app.js" server="www.dreamshock.com/public_html/" local="129864659300000000" remote="130066095000000000" Dst="1" />
<file name="iscroll-lite.js" server="www.dreamshock.com/public_html/" local="129864659300000000" remote="130066095000000000" Dst="1" />
<file name="energize-min.js" server="www.dreamshock.com/public_html/" local="130054171691555950" remote="130066095000000000" Dst="1" />
<file name="iscroll.js" server="www.dreamshock.com/public_html/" local="129944712660000000" remote="130066095000000000" Dst="1" />
<file name="fastclick.js" server="www.dreamshock.com/public_html/" local="130065635944637289" remote="130066095000000000" Dst="1" />
<file name="jquery-1.8.2.min.js" server="www.dreamshock.com/public_html/" local="129938084897802024" remote="130066095000000000" Dst="1" />
<file name="jquery.mobile-1.2.0.min.js" server="www.dreamshock.com/public_html/" local="129936470040000000" remote="130066095000000000" Dst="1" />
<file name="jquerymobile.min.js" server="www.dreamshock.com/public_html/" local="129938082010000000" remote="130066095000000000" Dst="1" />
<file name="phonegap-1.4.1.js" server="www.dreamshock.com/public_html/" local="130044519132394765" remote="130066095000000000" Dst="1" />
<file name="sync_files.js" server="www.dreamshock.com/public_html/" local="130052255989352228" remote="130066095000000000" Dst="1" />
<file name="setupData.js" server="www.dreamshock.com/public_html/" local="130066092212356878" remote="130066095000000000" Dst="1" />
<file name="sync_gals.js" server="www.dreamshock.com/public_html/" local="130082945781130886" remote="130083361800000000" Dst="1" />
<file name="sync_tours.js" server="www.dreamshock.com/public_html/" local="130082945826978886" remote="130083361800000000" Dst="1" />
<file name="sync_vids.js" server="www.dreamshock.com/public_html/" local="130066086750328560" remote="130066095000000000" Dst="1" />
<file name="sync_winners.js" server="www.dreamshock.com/public_html/" local="130082945986571208" remote="130083361800000000" Dst="1" />
<file name="sync_bulletins.js" server="www.dreamshock.com/public_html/" local="130082945674656944" remote="130083361800000000" Dst="1" />
<file name="setupYearbookFull.js" server="www.dreamshock.com/public_html/" local="130082449927947886" remote="130083361800000000" Dst="1" />
</dwsync>