<?xml version="1.0" encoding="utf-8" ?>
<dwsync>
<file name="1003.png" server="www.dreamshock.com/public_html/" local="129950181777105621" remote="130083361800000000" Dst="1" />
<file name="1001.png" server="www.dreamshock.com/public_html/" local="129950182075612695" remote="130083361800000000" Dst="1" />
<file name="1004.png" server="www.dreamshock.com/public_html/" local="129950181537591922" remote="130083361800000000" Dst="1" />
<file name="1008.png" server="www.dreamshock.com/public_html/" local="129950181125728364" remote="130083361800000000" Dst="1" />
<file name="1005.png" server="www.dreamshock.com/public_html/" local="129950181415214922" remote="130083361800000000" Dst="1" />
<file name="1006.png" server="www.dreamshock.com/public_html/" local="129950181255665796" remote="130083361800000000" Dst="1" />
<file name="1002.png" server="www.dreamshock.com/public_html/" local="129950181935654689" remote="130083361800000000" Dst="1" />
<file name="1009.png" server="www.dreamshock.com/public_html/" local="130027316760315809" remote="130083362400000000" Dst="1" />
</dwsync>