<?xml version="1.0" encoding="utf-8" ?>
<dwsync>
<file name="host_brewer_karen.jpg" server="www.dreamshock.com/public_html/" local="130077342447809106" remote="130078135200000000" Dst="1" />
<file name="host_capovilla_frank.jpg" server="www.dreamshock.com/public_html/" local="130077342453784785" remote="130078135200000000" Dst="1" />
<file name="host_beck_joseph.jpg" server="www.dreamshock.com/public_html/" local="130077342441993576" remote="130078135200000000" Dst="1" />
<file name="host_chalk_mike.jpg" server="www.dreamshock.com/public_html/" local="130077342459199923" remote="130078135200000000" Dst="1" />
<file name="host_cummiskey_james.jpg" server="www.dreamshock.com/public_html/" local="130077342465525945" remote="130078135200000000" Dst="1" />
<file name="host_finch_rob.jpg" server="www.dreamshock.com/public_html/" local="130077342473603670" remote="130078135200000000" Dst="1" />
<file name="host_gendron_nancy.jpg" server="www.dreamshock.com/public_html/" local="130077342479649364" remote="130078135200000000" Dst="1" />
<file name="host_hunter_david.jpg" server="www.dreamshock.com/public_html/" local="130077342494363358" remote="130078135200000000" Dst="1" />
<file name="host_jackson_rick.jpg" server="www.dreamshock.com/public_html/" local="130077342501930597" remote="130078135200000000" Dst="1" />
<file name="host_miller_tom.jpg" server="www.dreamshock.com/public_html/" local="130077342526463871" remote="130078135200000000" Dst="1" />
<file name="host_McCausland_valerie.jpg" server="www.dreamshock.com/public_html/" local="130077342520047761" remote="130077345600000000" Dst="1" />
<file name="host_olchesqui_michel.jpg" server="www.dreamshock.com/public_html/" local="130077342545401857" remote="130078135200000000" Dst="1" />
<file name="host_muench_andy.jpg" server="www.dreamshock.com/public_html/" local="130077342532950022" remote="130078135200000000" Dst="1" />
<file name="host_narang_shilpi.jpg" server="www.dreamshock.com/public_html/" local="130077342540337048" remote="130078135200000000" Dst="1" />
<file name="host_oliveri_del_castillo_emanuele.jpg" server="www.dreamshock.com/public_html/" local="130077342550796986" remote="130078135200000000" Dst="1" />
<file name="host_pyatt_saul.jpg" server="www.dreamshock.com/public_html/" local="130077342567572932" remote="130078135200000000" Dst="1" />
<file name="host_rivard_alain.jpg" server="www.dreamshock.com/public_html/" local="130077342578923723" remote="130078135200000000" Dst="1" />
<file name="host_robertson_judy.jpg" server="www.dreamshock.com/public_html/" local="130077342585770234" remote="130078135200000000" Dst="1" />
<file name="host_roel_maite.jpg" server="www.dreamshock.com/public_html/" local="130077342591815978" remote="130078135200000000" Dst="1" />
<file name="host_sato_haruhisa.jpg" server="www.dreamshock.com/public_html/" local="130077342598702523" remote="130078135200000000" Dst="1" />
<file name="host_schneider_tod.jpg" server="www.dreamshock.com/public_html/" local="130077342604337881" remote="130078135200000000" Dst="1" />
<file name="host_seow_derek.jpg" server="www.dreamshock.com/public_html/" local="130077342609823092" remote="130078135200000000" Dst="1" />
<file name="host_swan_nate.jpg" server="www.dreamshock.com/public_html/" local="130077342616539479" remote="130078135200000000" Dst="1" />
<file name="host_swartjes_marc.jpg" server="www.dreamshock.com/public_html/" local="130077342622865490" remote="130078135200000000" Dst="1" />
<file name="host_thomas_chris.jpg" server="www.dreamshock.com/public_html/" local="130077342629992267" remote="130078135200000000" Dst="1" />
<file name="host_van_ham_dick.jpg" server="www.dreamshock.com/public_html/" local="130077342636988921" remote="130078135200000000" Dst="1" />
<file name="host_waldheim_mark.jpg" server="www.dreamshock.com/public_html/" local="130077342643214837" remote="130078135200000000" Dst="1" />
<file name="host_wictorsen_rune.jpg" server="www.dreamshock.com/public_html/" local="130077342650751998" remote="130078135200000000" Dst="1" />
<file name="host_wolter_jennifer.jpg" server="www.dreamshock.com/public_html/" local="130077342663534147" remote="130078135200000000" Dst="1" />
<file name="oc_davis_ken.jpg" server="www.dreamshock.com/public_html/" local="130077342669529844" remote="130078135200000000" Dst="1" />
<file name="oc_dawkins_alwyn.jpg" server="www.dreamshock.com/public_html/" local="130077342676106100" remote="130078135200000000" Dst="1" />
<file name="oc_hall_gene.jpg" server="www.dreamshock.com/public_html/" local="130077342688397781" remote="130078135200000000" Dst="1" />
<file name="oc_hidaka_nobuhiko.jpg" server="www.dreamshock.com/public_html/" local="130077342694563639" remote="130078135200000000" Dst="1" />
<file name="oc_godfrey_david.jpg" server="www.dreamshock.com/public_html/" local="130077342681941645" remote="130078135200000000" Dst="1" />
<file name="oc_kranich_robin.jpg" server="www.dreamshock.com/public_html/" local="130077342708687076" remote="130078135200000000" Dst="1" />
<file name="oc_kutnick_dale.jpg" server="www.dreamshock.com/public_html/" local="130077342715573613" remote="130078135200000000" Dst="1" />
<file name="oc_hrelic_darko.jpg" server="www.dreamshock.com/public_html/" local="130077342701770492" remote="130078135200000000" Dst="1" />
<file name="oc_lafond_chris.jpg" server="www.dreamshock.com/public_html/" local="130077342721639377" remote="130078135200000000" Dst="1" />
<file name="oc_schwartz_lew.jpg" server="www.dreamshock.com/public_html/" local="130077342727434945" remote="130078135200000000" Dst="1" />
<file name="oc_sole_peter.jpg" server="www.dreamshock.com/public_html/" local="130077342732689884" remote="130078135200000000" Dst="1" />
<file name="oc_yoo_michael.jpg" server="www.dreamshock.com/public_html/" local="130077342752158444" remote="130078135200000000" Dst="1" />
<file name="oc_sondergaard_peter.jpg" server="www.dreamshock.com/public_html/" local="130077342739486348" remote="130078135200000000" Dst="1" />
<file name="oc_waern_per_anders.jpg" server="www.dreamshock.com/public_html/" local="130077342745722285" remote="130078135200000000" Dst="1" />
<file name="winner_abbott_julie.jpg" server="www.dreamshock.com/public_html/" local="130077342771606887" remote="130078135200000000" Dst="1" />
<file name="winner_Abbou_Sophian.jpg" server="www.dreamshock.com/public_html/" local="130077342777852824" remote="130077345600000000" Dst="1" />
<file name="winner_agarwal_pandey_pooja.jpg" server="www.dreamshock.com/public_html/" local="130077342784068723" remote="130078135200000000" Dst="1" />
<file name="winner_ajroldi_giuseppe.jpg" server="www.dreamshock.com/public_html/" local="130077342790304651" remote="130078135200000000" Dst="1" />
<file name="winner_akimoto_takashi.jpg" server="www.dreamshock.com/public_html/" local="130077342796600632" remote="130078135200000000" Dst="1" />
<file name="winner_Akinsanya_Michael.jpg" server="www.dreamshock.com/public_html/" local="130077342802236001" remote="130077345600000000" Dst="1" />
<file name="winner_Albert_Stephanie.jpg" server="www.dreamshock.com/public_html/" local="130077342808451900" remote="130077345600000000" Dst="1" />
<file name="winner_ali_roxy.jpg" server="www.dreamshock.com/public_html/" local="130077342827239761" remote="130078135200000000" Dst="1" />
<file name="winner_aravich_dayna.jpg" server="www.dreamshock.com/public_html/" local="130077342845377004" remote="130078135200000000" Dst="1" />
<file name="winner_arroyo_arias_carlos.jpg" server="www.dreamshock.com/public_html/" local="130077342851272601" remote="130078135200000000" Dst="1" />
<file name="winner_asai_junji.jpg" server="www.dreamshock.com/public_html/" local="130077342863604331" remote="130078135200000000" Dst="1" />
<file name="winner_ayoub_tania.jpg" server="www.dreamshock.com/public_html/" local="130077342880970834" remote="130078135200000000" Dst="1" />
<file name="winner_badamo_brandon.jpg" server="www.dreamshock.com/public_html/" local="130077342892932201" remote="130078135200000000" Dst="1" />
<file name="winner_bains_suki.jpg" server="www.dreamshock.com/public_html/" local="130077342904553258" remote="130078135200000000" Dst="1" />
<file name="winner_bain_nicola.jpg" server="www.dreamshock.com/public_html/" local="130077342898757746" remote="130078135200000000" Dst="1" />
<file name="winner_baird_roxanne.jpg" server="www.dreamshock.com/public_html/" local="130077342910428826" remote="130078135200000000" Dst="1" />
<file name="winner_belcastro_christy.jpg" server="www.dreamshock.com/public_html/" local="130077342916884971" remote="130078135200000000" Dst="1" />
<file name="winner_bertram_jim.jpg" server="www.dreamshock.com/public_html/" local="130077342930938321" remote="130078135200000000" Dst="1" />
<file name="winner_beougher_tony.jpg" server="www.dreamshock.com/public_html/" local="130077342924101836" remote="130078135200000000" Dst="1" />
<file name="winner_blekken_dordi.jpg" server="www.dreamshock.com/public_html/" local="130077342949215695" remote="130078135200000000" Dst="1" />
<file name="winner_bhalla_saurabh.jpg" server="www.dreamshock.com/public_html/" local="130077342937164243" remote="130078135200000000" Dst="1" />
<file name="winner_bianco_mark.jpg" server="www.dreamshock.com/public_html/" local="130077342942329149" remote="130078135200000000" Dst="1" />
<file name="winner_bloor_hugh.jpg" server="www.dreamshock.com/public_html/" local="130077342955421597" remote="130078135200000000" Dst="1" />
<file name="winner_Blumenthal_Richard.jpg" server="www.dreamshock.com/public_html/" local="130077342961517505" remote="130077345600000000" Dst="1" />
<file name="winner_boe_petter.jpg" server="www.dreamshock.com/public_html/" local="130077342967313011" remote="130078135200000000" Dst="1" />
<file name="winner_Boivineau_Arnaud.jpg" server="www.dreamshock.com/public_html/" local="130077342979304311" remote="130077345600000000" Dst="1" />
<file name="winner_bonacci_steve.jpg" server="www.dreamshock.com/public_html/" local="130077342985610292" remote="130078135200000000" Dst="1" />
<file name="winner_booth_stephanie.jpg" server="www.dreamshock.com/public_html/" local="130077342991415814" remote="130078135200000000" Dst="1" />
<file name="winner_brady_john.jpg" server="www.dreamshock.com/public_html/" local="130077343003727518" remote="130078135200000000" Dst="1" />
<file name="winner_bras_norbert.jpg" server="www.dreamshock.com/public_html/" local="130077343009723209" remote="130078135200000000" Dst="1" />
<file name="winner_Bridwell_Jerianne.jpg" server="www.dreamshock.com/public_html/" local="130077343022875724" remote="130077345600000000" Dst="1" />
<file name="winner_broadway_matt.jpg" server="www.dreamshock.com/public_html/" local="130077343034166453" remote="130078135200000000" Dst="1" />
<file name="winner_bryce_mandy.jpg" server="www.dreamshock.com/public_html/" local="130077343040272249" remote="130078135200000000" Dst="1" />
<file name="winner_button_amy.jpg" server="www.dreamshock.com/public_html/" local="130077343052654024" remote="130078135200000000" Dst="1" />
<file name="winner_butt_nasar.jpg" server="www.dreamshock.com/public_html/" local="130077343046317999" remote="130078135200000000" Dst="1" />
<file name="winner_Callegari_Josephine.jpg" server="www.dreamshock.com/public_html/" local="130077343058699765" remote="130077345600000000" Dst="1" />
<file name="winner_Campbell_Jonathan.jpg" server="www.dreamshock.com/public_html/" local="130077343072512903" remote="130077345600000000" Dst="1" />
<file name="winner_campero_hernan.jpg" server="www.dreamshock.com/public_html/" local="130077343078468556" remote="130078135200000000" Dst="1" />
<file name="winner_Cannon_Jen.jpg" server="www.dreamshock.com/public_html/" local="130077343091480983" remote="130077345600000000" Dst="1" />
<file name="winner_Chiappe_John.jpg" server="www.dreamshock.com/public_html/" local="130077343121879819" remote="130077345600000000" Dst="1" />
<file name="winner_Carisi_Roberto.jpg" server="www.dreamshock.com/public_html/" local="130077343103792632" remote="130077345600000000" Dst="1" />
<file name="winner_christopher_Joe.jpg" server="www.dreamshock.com/public_html/" local="130077343140577659" remote="130077345600000000" Dst="1" />
<file name="winner_chilampath_samson.jpg" server="www.dreamshock.com/public_html/" local="130077343127685343" remote="130078135200000000" Dst="1" />
<file name="winner_Choinski_Mischelle.jpg" server="www.dreamshock.com/public_html/" local="130077343133871216" remote="130077345600000000" Dst="1" />
<file name="winner_cipollaro_kevin.jpg" server="www.dreamshock.com/public_html/" local="130077343146543262" remote="130078135200000000" Dst="1" />
<file name="winner_Clarke_Megan.jpg" server="www.dreamshock.com/public_html/" local="130077343159635707" remote="130077345600000000" Dst="1" />
<file name="winner_coleman_dominic.jpg" server="www.dreamshock.com/public_html/" local="130077343172097552" remote="130078135200000000" Dst="1" />
<file name="winner_collins_craig.jpg" server="www.dreamshock.com/public_html/" local="130077343178073240" remote="130078135200000000" Dst="1" />
<file name="winner_Conley_Jay.jpg" server="www.dreamshock.com/public_html/" local="130077343189794373" remote="130077345600000000" Dst="1" />
<file name="winner_Copley_Ashley.jpg" server="www.dreamshock.com/public_html/" local="130077343195760047" remote="130077345600000000" Dst="1" />
<file name="winner_correia_steve.jpg" server="www.dreamshock.com/public_html/" local="130077343213717114" remote="130078135200000000" Dst="1" />
<file name="winner_corr_jimmy.jpg" server="www.dreamshock.com/public_html/" local="130077343207931628" remote="130078135200000000" Dst="1" />
<file name="winner_courson_stephen.jpg" server="www.dreamshock.com/public_html/" local="130077343226859608" remote="130078135200000000" Dst="1" />
<file name="winner_Cronin_Robert.jpg" server="www.dreamshock.com/public_html/" local="130077343257628866" remote="130077345600000000" Dst="1" />
<file name="winner_Crowel_Dawn.jpg" server="www.dreamshock.com/public_html/" local="130077343263744671" remote="130077345600000000" Dst="1" />
<file name="winner_cruz_joe.jpg" server="www.dreamshock.com/public_html/" local="130077343269540178" remote="130078135200000000" Dst="1" />
<file name="winner_cui_james.jpg" server="www.dreamshock.com/public_html/" local="130077343276166483" remote="130078135200000000" Dst="1" />
<file name="winner_cunliffe_hugh.jpg" server="www.dreamshock.com/public_html/" local="130077343282552543" remote="130078135200000000" Dst="1" />
<file name="winner_cunningham_tom.jpg" server="www.dreamshock.com/public_html/" local="130077343288478179" remote="130078135200000000" Dst="1" />
<file name="winner_Cyrus_Rod.jpg" server="www.dreamshock.com/public_html/" local="130077343294684072" remote="130077345600000000" Dst="1" />
<file name="winner_daley_marcia.jpg" server="www.dreamshock.com/public_html/" local="130077343313501965" remote="130078135200000000" Dst="1" />
<file name="winner_daruwala_nik.jpg" server="www.dreamshock.com/public_html/" local="130077343331609178" remote="130078135200000000" Dst="1" />
<file name="winner_dau_daniel.jpg" server="www.dreamshock.com/public_html/" local="130077343338025279" remote="130078135200000000" Dst="1" />
<file name="winner_david_dominic.jpg" server="www.dreamshock.com/public_html/" local="130077343344401389" remote="130078135200000000" Dst="1" />
<file name="winner_davin_morgan.jpg" server="www.dreamshock.com/public_html/" local="130077343350206863" remote="130078135200000000" Dst="1" />
<file name="winner_Dea_Donna.jpg" server="www.dreamshock.com/public_html/" local="130077343369775453" remote="130077345600000000" Dst="1" />
<file name="winner_dermody_paul.jpg" server="www.dreamshock.com/public_html/" local="130077343382897933" remote="130078135200000000" Dst="1" />
<file name="winner_derne_stephane.jpg" server="www.dreamshock.com/public_html/" local="130077343389404107" remote="130078135200000000" Dst="1" />
<file name="winner_dhawan_rishi.jpg" server="www.dreamshock.com/public_html/" local="130077343395830216" remote="130078135200000000" Dst="1" />
<file name="winner_didieo_misty.jpg" server="www.dreamshock.com/public_html/" local="130077343402126200" remote="130078135200000000" Dst="1" />
<file name="winner_dommes_jon.jpg" server="www.dreamshock.com/public_html/" local="130077343420533709" remote="130078135200000000" Dst="1" />
<file name="winner_dolansky_mark.jpg" server="www.dreamshock.com/public_html/" local="130077343414517983" remote="130078135200000000" Dst="1" />
<file name="winner_dolan_gina.jpg" server="www.dreamshock.com/public_html/" local="130077343407641449" remote="130078135200000000" Dst="1" />
<file name="winner_donnelly_dan.jpg" server="www.dreamshock.com/public_html/" local="130077343426899749" remote="130078135200000000" Dst="1" />
<file name="winner_Dorzhiev_Sayan.jpg" server="www.dreamshock.com/public_html/" local="130077343433165706" remote="130077345600000000" Dst="1" />
<file name="winner_dougan_fiona.jpg" server="www.dreamshock.com/public_html/" local="130077343438590876" remote="130078135200000000" Dst="1" />
<file name="winner_dubien_antoine.jpg" server="www.dreamshock.com/public_html/" local="130077343444636614" remote="130078135200000000" Dst="1" />
<file name="winner_duebelbeis_kenny.jpg" server="www.dreamshock.com/public_html/" local="130077343451643268" remote="130078135200000000" Dst="1" />
<file name="winner_dunn_nicole.jpg" server="www.dreamshock.com/public_html/" local="130077343458019328" remote="130078135200000000" Dst="1" />
<file name="winner_Ehsan_Asif.jpg" server="www.dreamshock.com/public_html/" local="130077343463944967" remote="130077345600000000" Dst="1" />
<file name="winner_Eide_Carri.jpg" server="www.dreamshock.com/public_html/" local="130077343469750479" remote="130077345600000000" Dst="1" />
<file name="winner_Ellis_Nancy.jpg" server="www.dreamshock.com/public_html/" local="130077343476176595" remote="130077345600000000" Dst="1" />
<file name="winner_ellsworth_brad.jpg" server="www.dreamshock.com/public_html/" local="130077343482232344" remote="130078135200000000" Dst="1" />
<file name="winner_embil_jesus.jpg" server="www.dreamshock.com/public_html/" local="130077343488968747" remote="130078135200000000" Dst="1" />
<file name="winner_erlach_monika.jpg" server="www.dreamshock.com/public_html/" local="130077343495945377" remote="130078135200000000" Dst="1" />
<file name="winner_Eron_Heather.jpg" server="www.dreamshock.com/public_html/" local="130077343507736587" remote="130077345600000000" Dst="1" />
<file name="winner_ervans_jeannine.jpg" server="www.dreamshock.com/public_html/" local="130077343514122661" remote="130078135200000000" Dst="1" />
<file name="winner_fahnlander_beth.jpg" server="www.dreamshock.com/public_html/" local="130077343525843797" remote="130078135200000000" Dst="1" />
<file name="winner_farahmand_philip.jpg" server="www.dreamshock.com/public_html/" local="130077343537524916" remote="130078135200000000" Dst="1" />
<file name="winner_faramo_rachel.jpg" server="www.dreamshock.com/public_html/" local="130077343543360449" remote="130078135200000000" Dst="1" />
<file name="winner_farnhill_james.jpg" server="www.dreamshock.com/public_html/" local="130077343548655487" remote="130078135200000000" Dst="1" />
<file name="winner_fattoruso_alexander.jpg" server="www.dreamshock.com/public_html/" local="130077343553960525" remote="130078135200000000" Dst="1" />
<file name="winner_Feinstein_David.jpg" server="www.dreamshock.com/public_html/" local="130077343565381380" remote="130077345600000000" Dst="1" />
<file name="winner_finbow_richard.jpg" server="www.dreamshock.com/public_html/" local="130077343578153524" remote="130078135200000000" Dst="1" />
<file name="winner_Fitzgerald_Caileen.jpg" server="www.dreamshock.com/public_html/" local="130077343595990483" remote="130077345600000000" Dst="1" />
<file name="winner_Fischer_Patrick.jpg" server="www.dreamshock.com/public_html/" local="130077343584139218" remote="130077345600000000" Dst="1" />
<file name="winner_flaig_julie.jpg" server="www.dreamshock.com/public_html/" local="130077343602146326" remote="130078135200000000" Dst="1" />
<file name="winner_fogarty_liz.jpg" server="www.dreamshock.com/public_html/" local="130077343608882728" remote="130078135200000000" Dst="1" />
<file name="winner_forcino_john.jpg" server="www.dreamshock.com/public_html/" local="130077343614688255" remote="130078135200000000" Dst="1" />
<file name="winner_fowler_adrian.jpg" server="www.dreamshock.com/public_html/" local="130077343620513785" remote="130078135200000000" Dst="1" />
<file name="winner_Franch_Kim.jpg" server="www.dreamshock.com/public_html/" local="130077343627510440" remote="130077345600000000" Dst="1" />
<file name="winner_free_larry.jpg" server="www.dreamshock.com/public_html/" local="130077343636218719" remote="130078135200000000" Dst="1" />
<file name="winner_friedman_howard.jpg" server="www.dreamshock.com/public_html/" local="130077343643735865" remote="130078135200000000" Dst="1" />
<file name="winner_Fukumoto_Koichi.jpg" server="www.dreamshock.com/public_html/" local="130077343650121939" remote="130077345600000000" Dst="1" />
<file name="winner_funge_james.jpg" server="www.dreamshock.com/public_html/" local="130077343656778254" remote="130078135200000000" Dst="1" />
<file name="winner_furum_palle.jpg" server="www.dreamshock.com/public_html/" local="130077343662663854" remote="130078135200000000" Dst="1" />
<file name="winner_Galenkamp_Chris.jpg" server="www.dreamshock.com/public_html/" local="130077343668749636" remote="130077345600000000" Dst="1" />
<file name="winner_gannon_bill.jpg" server="www.dreamshock.com/public_html/" local="130077343681381650" remote="130078135200000000" Dst="1" />
<file name="winner_Garofolo_Dana.jpg" server="www.dreamshock.com/public_html/" local="130077343687617575" remote="130077345600000000" Dst="1" />
<file name="winner_Garrett_Adam.jpg" server="www.dreamshock.com/public_html/" local="130077343692952640" remote="130077345600000000" Dst="1" />
<file name="winner_garry_angela.jpg" server="www.dreamshock.com/public_html/" local="130077343698948337" remote="130078135200000000" Dst="1" />
<file name="winner_gassa_dounia.jpg" server="www.dreamshock.com/public_html/" local="130077343704753858" remote="130078135200000000" Dst="1" />
<file name="winner_geerts_anita.jpg" server="www.dreamshock.com/public_html/" local="130077343710729540" remote="130078135200000000" Dst="1" />
<file name="winner_gerbi_roberto.jpg" server="www.dreamshock.com/public_html/" local="130077343731269064" remote="130078135200000000" Dst="1" />
<file name="winner_ghilardi_dario.jpg" server="www.dreamshock.com/public_html/" local="130077343738565996" remote="130078135200000000" Dst="1" />
<file name="winner_Gibertoni_Stephen.jpg" server="www.dreamshock.com/public_html/" local="130077343750647492" remote="130077345600000000" Dst="1" />
<file name="winner_Giordano_Liz.jpg" server="www.dreamshock.com/public_html/" local="130077343757463977" remote="130077345600000000" Dst="1" />
<file name="winner_Goel_Ankur.jpg" server="www.dreamshock.com/public_html/" local="130077343764450608" remote="130077345600000000" Dst="1" />
<file name="winner_Goodwin_Dave.jpg" server="www.dreamshock.com/public_html/" local="130077343776742285" remote="130077345600000000" Dst="1" />
<file name="winner_gregorich_marc.jpg" server="www.dreamshock.com/public_html/" local="130077343792967707" remote="130078135200000000" Dst="1" />
<file name="winner_griffin_simeon.jpg" server="www.dreamshock.com/public_html/" local="130077343799133583" remote="130078135200000000" Dst="1" />
<file name="winner_gruet_julien.jpg" server="www.dreamshock.com/public_html/" local="130077343813727450" remote="130078135200000000" Dst="1" />
<file name="winner_guellert_tom.jpg" server="www.dreamshock.com/public_html/" local="130077343822936204" remote="130078135200000000" Dst="1" />
<file name="winner_gutierrez_ana.jpg" server="www.dreamshock.com/public_html/" local="130077343838201253" remote="130078135200000000" Dst="1" />
<file name="winner_haberland_angela.jpg" server="www.dreamshock.com/public_html/" local="130077343854356614" remote="130078135200000000" Dst="1" />
<file name="winner_hall_richard.jpg" server="www.dreamshock.com/public_html/" local="130077343869851336" remote="130078135200000000" Dst="1" />
<file name="winner_Hamilton_Marisa.jpg" server="www.dreamshock.com/public_html/" local="130077343877018154" remote="130077345600000000" Dst="1" />
<file name="winner_hammett_shawn.jpg" server="www.dreamshock.com/public_html/" local="130077343883634448" remote="130078135200000000" Dst="1" />
<file name="winner_Handman_Daniel.jpg" server="www.dreamshock.com/public_html/" local="130077343899369402" remote="130077345600000000" Dst="1" />
<file name="winner_harris_jane.jpg" server="www.dreamshock.com/public_html/" local="130077343925564309" remote="130078135200000000" Dst="1" />
<file name="winner_hardy_stephen.jpg" server="www.dreamshock.com/public_html/" local="130077343919778803" remote="130078135200000000" Dst="1" />
<file name="winner_harris_paulette.jpg" server="www.dreamshock.com/public_html/" local="130077343932230633" remote="130078135200000000" Dst="1" />
<file name="winner_hartung_christiane.jpg" server="www.dreamshock.com/public_html/" local="130077343938506596" remote="130078135200000000" Dst="1" />
<file name="winner_harvey_david.jpg" server="www.dreamshock.com/public_html/" local="130077343954812094" remote="130078135200000000" Dst="1" />
<file name="winner_hashimoto_sachio.jpg" server="www.dreamshock.com/public_html/" local="130077343961208174" remote="130078135200000000" Dst="1" />
<file name="winner_heath_bradley.jpg" server="www.dreamshock.com/public_html/" local="130077343967404062" remote="130078135200000000" Dst="1" />
<file name="winner_hemson_alan.jpg" server="www.dreamshock.com/public_html/" local="130077343973229633" remote="130078135200000000" Dst="1" />
<file name="winner_Hill_Darren.jpg" server="www.dreamshock.com/public_html/" local="130077343985731483" remote="130077345600000000" Dst="1" />
<file name="winner_Hoffert_William.jpg" server="www.dreamshock.com/public_html/" local="130077343991557022" remote="130077345600000000" Dst="1" />
<file name="winner_hogben_peter.jpg" server="www.dreamshock.com/public_html/" local="130077343999614695" remote="130078135200000000" Dst="1" />
<file name="winner_holden_christian.jpg" server="www.dreamshock.com/public_html/" local="130077344005640406" remote="130078135200000000" Dst="1" />
<file name="winner_Hongladarom_Varavich.jpg" server="www.dreamshock.com/public_html/" local="130077344012336774" remote="130077345600000000" Dst="1" />
<file name="winner_hunter_edward.jpg" server="www.dreamshock.com/public_html/" local="130077344031675211" remote="130078135200000000" Dst="1" />
<file name="winner_hussain_omar.jpg" server="www.dreamshock.com/public_html/" local="130077344037781016" remote="130078135200000000" Dst="1" />
<file name="winner_ingersoll_ben.jpg" server="www.dreamshock.com/public_html/" local="130077344046269081" remote="130078135200000000" Dst="1" />
<file name="winner_irwin_andrea.jpg" server="www.dreamshock.com/public_html/" local="130077344054637035" remote="130078135200000000" Dst="1" />
<file name="winner_itoh_tomohiko.jpg" server="www.dreamshock.com/public_html/" local="130077344064166099" remote="130078135200000000" Dst="1" />
<file name="winner_Iwai_Ryoko.jpg" server="www.dreamshock.com/public_html/" local="130077344072063608" remote="130077345600000000" Dst="1" />
<file name="winner_Jan_Adnan.jpg" server="www.dreamshock.com/public_html/" local="130077344078599811" remote="130077345600000000" Dst="1" />
<file name="winner_Jenkins_Kathy.jpg" server="www.dreamshock.com/public_html/" local="130077344092452979" remote="130077345600000000" Dst="1" />
<file name="winner_Jin_Lena.jpg" server="www.dreamshock.com/public_html/" local="130077344098278515" remote="130077345600000000" Dst="1" />
<file name="winner_Johnson_DeAnne.jpg" server="www.dreamshock.com/public_html/" local="130077344111170769" remote="130077345600000000" Dst="1" />
<file name="winner_johnson_joyce.jpg" server="www.dreamshock.com/public_html/" local="130077344118147514" remote="130078135200000000" Dst="1" />
<file name="winner_Johnston_Todd.jpg" server="www.dreamshock.com/public_html/" local="130077344124313267" remote="130077345600000000" Dst="1" />
<file name="winner_jonson_randy.jpg" server="www.dreamshock.com/public_html/" local="130077344130318978" remote="130078135200000000" Dst="1" />
<file name="winner_joshi_rohit.jpg" server="www.dreamshock.com/public_html/" local="130077344142560609" remote="130078135200000000" Dst="1" />
<file name="winner_Judge_Martin.jpg" server="www.dreamshock.com/public_html/" local="130077344148946678" remote="130077345600000000" Dst="1" />
<file name="winner_kaisin_valerie.jpg" server="www.dreamshock.com/public_html/" local="130077344154932372" remote="130078135200000000" Dst="1" />
<file name="winner_Kardokas_Karolis.jpg" server="www.dreamshock.com/public_html/" local="130077344162719776" remote="130077345600000000" Dst="1" />
<file name="winner_Kendall_Debbie.jpg" server="www.dreamshock.com/public_html/" local="130077344177043388" remote="130077345600000000" Dst="1" />
<file name="winner_kennison_david.jpg" server="www.dreamshock.com/public_html/" local="130077344183529560" remote="130078135200000000" Dst="1" />
<file name="winner_Kenny_David.jpg" server="www.dreamshock.com/public_html/" local="130077344190426108" remote="130077345600000000" Dst="1" />
<file name="winner_king_simon.jpg" server="www.dreamshock.com/public_html/" local="130077344211896516" remote="130078135200000000" Dst="1" />
<file name="winner_king_steve.jpg" server="www.dreamshock.com/public_html/" local="130077344217922251" remote="130078135200000000" Dst="1" />
<file name="winner_Kirmaci_Hassen.jpg" server="www.dreamshock.com/public_html/" local="130077344224898876" remote="130077345600000000" Dst="1" />
<file name="winner_Kiser_Michael.jpg" server="www.dreamshock.com/public_html/" local="130077344230724792" remote="130077345600000000" Dst="1" />
<file name="winner_Klaeren_Oliver.jpg" server="www.dreamshock.com/public_html/" local="130077344237531271" remote="130077345600000000" Dst="1" />
<file name="winner_Knisely_Bryan.jpg" server="www.dreamshock.com/public_html/" local="130077344251314362" remote="130077345600000000" Dst="1" />
<file name="winner_kolodynski_anthony.jpg" server="www.dreamshock.com/public_html/" local="130077344264406807" remote="130078135200000000" Dst="1" />
<file name="winner_kosh_paige.jpg" server="www.dreamshock.com/public_html/" local="130077344270762846" remote="130078135200000000" Dst="1" />
<file name="winner_Krol_Ewa.jpg" server="www.dreamshock.com/public_html/" local="130077344277909638" remote="130077345600000000" Dst="1" />
<file name="winner_krug_marcio.jpg" server="www.dreamshock.com/public_html/" local="130077344285226591" remote="130078135200000000" Dst="1" />
<file name="winner_Kudrnova_Marketa.jpg" server="www.dreamshock.com/public_html/" local="130077344291132212" remote="130077345600000000" Dst="1" />
<file name="winner_kumar_arun.jpg" server="www.dreamshock.com/public_html/" local="130077344299360025" remote="130078135200000000" Dst="1" />
<file name="winner_Lambert_Stephanie.jpg" server="www.dreamshock.com/public_html/" local="130077344311901949" remote="130077345600000000" Dst="1" />
<file name="winner_Lee_Maggie.jpg" server="www.dreamshock.com/public_html/" local="130077344331720790" remote="130077345600000000" Dst="1" />
<file name="winner_lenti_laura.jpg" server="www.dreamshock.com/public_html/" local="130077344340028697" remote="130078135200000000" Dst="1" />
<file name="winner_lepore_linda.jpg" server="www.dreamshock.com/public_html/" local="130077344346925240" remote="130078135200000000" Dst="1" />
<file name="winner_leslie_chris.jpg" server="www.dreamshock.com/public_html/" local="130077344353151163" remote="130078135200000000" Dst="1" />
<file name="winner_levy_pierre.jpg" server="www.dreamshock.com/public_html/" local="130077344366704038" remote="130078135200000000" Dst="1" />
<file name="winner_lindstrup_marcus.jpg" server="www.dreamshock.com/public_html/" local="130077344394470432" remote="130078135200000000" Dst="1" />
<file name="winner_Lieberman_Mark.jpg" server="www.dreamshock.com/public_html/" local="130077344381037967" remote="130077345600000000" Dst="1" />
<file name="winner_lim_jack.jpg" server="www.dreamshock.com/public_html/" local="130077344387393719" remote="130078135200000000" Dst="1" />
<file name="winner_lison_joe.jpg" server="www.dreamshock.com/public_html/" local="130077344401667271" remote="130078135200000000" Dst="1" />
<file name="winner_Li_David.jpg" server="www.dreamshock.com/public_html/" local="130077344373510510" remote="130077345600000000" Dst="1" />
<file name="winner_Losada_Frank.jpg" server="www.dreamshock.com/public_html/" local="130077344407472792" remote="130077345600000000" Dst="1" />
<file name="winner_Lubs_Chris.jpg" server="www.dreamshock.com/public_html/" local="130077344414379355" remote="130077345600000000" Dst="1" />
<file name="winner_luetchford_paul.jpg" server="www.dreamshock.com/public_html/" local="130077344421926528" remote="130078135200000000" Dst="1" />
<file name="winner_lyrio_celso_chapinotte.jpg" server="www.dreamshock.com/public_html/" local="130077344435409347" remote="130078135200000000" Dst="1" />
<file name="winner_Mahabir_Francis.jpg" server="www.dreamshock.com/public_html/" local="130077344442606200" remote="130077345600000000" Dst="1" />
<file name="winner_maistry_kiran.jpg" server="www.dreamshock.com/public_html/" local="130077344455778715" remote="130078135200000000" Dst="1" />
<file name="winner_Manchanda_Rohit.jpg" server="www.dreamshock.com/public_html/" local="130077344462435036" remote="130077345600000000" Dst="1" />
<file name="winner_marcon_riccardo.jpg" server="www.dreamshock.com/public_html/" local="130077344476178098" remote="130078135200000000" Dst="1" />
<file name="winner_martin_jo.jpg" server="www.dreamshock.com/public_html/" local="130077344482313930" remote="130078135200000000" Dst="1" />
<file name="winner_martin_ryan.jpg" server="www.dreamshock.com/public_html/" local="130077344489440713" remote="130078135200000000" Dst="1" />
<file name="winner_Mascherona_Mauro.jpg" server="www.dreamshock.com/public_html/" local="130077344503614182" remote="130077345600000000" Dst="1" />
<file name="winner_Matias_Ricardo.jpg" server="www.dreamshock.com/public_html/" local="130077344517457335" remote="130077345600000000" Dst="1" />
<file name="winner_matsumoto_koji.jpg" server="www.dreamshock.com/public_html/" local="130077344524063612" remote="130078135200000000" Dst="1" />
<file name="winner_maupin_lisah.jpg" server="www.dreamshock.com/public_html/" local="130077344536585527" remote="130078135200000000" Dst="1" />
<file name="winner_Mattson_Clint.jpg" server="www.dreamshock.com/public_html/" local="130077344530679915" remote="130077345600000000" Dst="1" />
<file name="winner_McDowall_Jane.jpg" server="www.dreamshock.com/public_html/" local="130077344556734787" remote="130077345600000000" Dst="1" />
<file name="winner_mazza_ray.jpg" server="www.dreamshock.com/public_html/" local="130077344542821446" remote="130078135200000000" Dst="1" />
<file name="winner_McInerny_John.jpg" server="www.dreamshock.com/public_html/" local="130077344575222241" remote="130077345600000000" Dst="1" />
<file name="winner_mcinnis_joshua.jpg" server="www.dreamshock.com/public_html/" local="130077344580887633" remote="130078135200000000" Dst="1" />
<file name="winner_Mcintyre_Jan.jpg" server="www.dreamshock.com/public_html/" local="130077344587774176" remote="130077345600000000" Dst="1" />
<file name="winner_McLaren_John.jpg" server="www.dreamshock.com/public_html/" local="130077344593659767" remote="130077345600000000" Dst="1" />
<file name="winner_Medlock_Kathryn.jpg" server="www.dreamshock.com/public_html/" local="130077344611877083" remote="130077345600000000" Dst="1" />
<file name="winner_meacham_jamie.jpg" server="www.dreamshock.com/public_html/" local="130077344599785593" remote="130078135200000000" Dst="1" />
<file name="winner_Mehra_Gautam.jpg" server="www.dreamshock.com/public_html/" local="130077344618022936" remote="130077345600000000" Dst="1" />
<file name="winner_Miguelez_Juan_Pablo.jpg" server="www.dreamshock.com/public_html/" local="130077344629794113" remote="130077345600000000" Dst="1" />
<file name="winner_miller_stephen.jpg" server="www.dreamshock.com/public_html/" local="130077344636520506" remote="130078135200000000" Dst="1" />
<file name="winner_Minett_Chelsee.jpg" server="www.dreamshock.com/public_html/" local="130077344643347052" remote="130077345600000000" Dst="1" />
<file name="winner_mitselmakher_kate.jpg" server="www.dreamshock.com/public_html/" local="130077344648952389" remote="130078135200000000" Dst="1" />
<file name="winner_miyawaki_yushi.jpg" server="www.dreamshock.com/public_html/" local="130077344655188253" remote="130078135200000000" Dst="1" />
<file name="winner_moeller_amy.jpg" server="www.dreamshock.com/public_html/" local="130077344667690133" remote="130078135200000000" Dst="1" />
<file name="winner_Montgomery_Doug.jpg" server="www.dreamshock.com/public_html/" local="130077344680872674" remote="130077345600000000" Dst="1" />
<file name="winner_morales_diana.jpg" server="www.dreamshock.com/public_html/" local="130077344687819281" remote="130078135200000000" Dst="1" />
<file name="winner_moreau_dionnet_sonia.jpg" server="www.dreamshock.com/public_html/" local="130077344694495613" remote="130078135200000000" Dst="1" />
<file name="winner_Morrison_Paul.jpg" server="www.dreamshock.com/public_html/" local="130077344707467959" remote="130077345600000000" Dst="1" />
<file name="winner_Morris_Devin.jpg" server="www.dreamshock.com/public_html/" local="130077344700321211" remote="130077345600000000" Dst="1" />
<file name="winner_motie_amin.jpg" server="www.dreamshock.com/public_html/" local="130077344714114264" remote="130078135200000000" Dst="1" />
<file name="winner_mukai_shunsuke.jpg" server="www.dreamshock.com/public_html/" local="130077344726156033" remote="130078135200000000" Dst="1" />
<file name="winner_mulett_martha.jpg" server="www.dreamshock.com/public_html/" local="130077344732191771" remote="130078135200000000" Dst="1" />
<file name="winner_murnin_meghan.jpg" server="www.dreamshock.com/public_html/" local="130077344738667924" remote="130078135200000000" Dst="1" />
<file name="winner_natta_jean_marc.jpg" server="www.dreamshock.com/public_html/" local="130077344745094046" remote="130078135200000000" Dst="1" />
<file name="winner_neckar_john.jpg" server="www.dreamshock.com/public_html/" local="130077344751139786" remote="130078135200000000" Dst="1" />
<file name="winner_nehme_elie.jpg" server="www.dreamshock.com/public_html/" local="130077344757676004" remote="130078135200000000" Dst="1" />
<file name="winner_noon_jerome.jpg" server="www.dreamshock.com/public_html/" local="130077344783930950" remote="130078135200000000" Dst="1" />
<file name="winner_Okla_Steve.jpg" server="www.dreamshock.com/public_html/" local="130077344796412815" remote="130077345600000000" Dst="1" />
<file name="winner_Orozco_Salvador.jpg" server="www.dreamshock.com/public_html/" local="130077344809285049" remote="130077345600000000" Dst="1" />
<file name="winner_padwa_jill.jpg" server="www.dreamshock.com/public_html/" local="130077344816351767" remote="130078135200000000" Dst="1" />
<file name="winner_pagey_rohan.jpg" server="www.dreamshock.com/public_html/" local="130077344835179675" remote="130078135200000000" Dst="1" />
<file name="winner_Page_Matthieu.jpg" server="www.dreamshock.com/public_html/" local="130077344829043834" remote="130077345600000000" Dst="1" />
<file name="winner_Pape_Nick.jpg" server="www.dreamshock.com/public_html/" local="130077344842866985" remote="130077345600000000" Dst="1" />
<file name="winner_Parkinson_Allana.jpg" server="www.dreamshock.com/public_html/" local="130077344855348835" remote="130077345600000000" Dst="1" />
<file name="winner_partridge_jonathan.jpg" server="www.dreamshock.com/public_html/" local="130077344869362158" remote="130078135200000000" Dst="1" />
<file name="winner_payne_darren.jpg" server="www.dreamshock.com/public_html/" local="130077344883976046" remote="130078135200000000" Dst="1" />
<file name="winner_perrone_gianluca.jpg" server="www.dreamshock.com/public_html/" local="130077344913664264" remote="130078135200000000" Dst="1" />
<file name="winner_Perez_Arantxa.jpg" server="www.dreamshock.com/public_html/" local="130077344907848740" remote="130077345600000000" Dst="1" />
<file name="winner_Peixoto_Andre_Cortines.jpg" server="www.dreamshock.com/public_html/" local="130077344899931219" remote="130077345600000000" Dst="1" />
<file name="winner_phan_lily.jpg" server="www.dreamshock.com/public_html/" local="130077344920160438" remote="130078135200000000" Dst="1" />
<file name="winner_picken_arthur.jpg" server="www.dreamshock.com/public_html/" local="130077344932131829" remote="130078135200000000" Dst="1" />
<file name="winner_pick_geert.jpg" server="www.dreamshock.com/public_html/" local="130077344926316290" remote="130078135200000000" Dst="1" />
<file name="winner_pierson_scott.jpg" server="www.dreamshock.com/public_html/" local="130077344946135129" remote="130078135200000000" Dst="1" />
<file name="winner_Pierce_Matthew.jpg" server="www.dreamshock.com/public_html/" local="130077344938818179" remote="130077345600000000" Dst="1" />
<file name="winner_piketty_stephanie.jpg" server="www.dreamshock.com/public_html/" local="130077344955624148" remote="130078135200000000" Dst="1" />
<file name="winner_Plavnik_Kent.jpg" server="www.dreamshock.com/public_html/" local="130077344961810030" remote="130077345600000000" Dst="1" />
<file name="winner_Polcyn_Agata.jpg" server="www.dreamshock.com/public_html/" local="130077344969647480" remote="130077345600000000" Dst="1" />
<file name="winner_Polk_Patrick.jpg" server="www.dreamshock.com/public_html/" local="130077344977625068" remote="130077345600000000" Dst="1" />
<file name="winner_potgieter_kristy.jpg" server="www.dreamshock.com/public_html/" local="130077345000116442" remote="130078135200000000" Dst="1" />
<file name="winner_price_geraldine.jpg" server="www.dreamshock.com/public_html/" local="130077345006772771" remote="130078135200000000" Dst="1" />
<file name="winner_psalmon_mathieu.jpg" server="www.dreamshock.com/public_html/" local="130077345022117353" remote="130078135200000000" Dst="1" />
<file name="winner_Queen_Mark.jpg" server="www.dreamshock.com/public_html/" local="130077345028833738" remote="130077345600000000" Dst="1" />
<file name="winner_rajnikant_namita.jpg" server="www.dreamshock.com/public_html/" local="130077345035409988" remote="130078135200000000" Dst="1" />
<file name="winner_Ramos_Christina.jpg" server="www.dreamshock.com/public_html/" local="130077345050364207" remote="130077345600000000" Dst="1" />
<file name="winner_ramsay_alex.jpg" server="www.dreamshock.com/public_html/" local="130077345066789813" remote="130078135200000000" Dst="1" />
<file name="winner_raphaelian_david.jpg" server="www.dreamshock.com/public_html/" local="130077345078671110" remote="130078135200000000" Dst="1" />
<file name="winner_raynor_kiersten.jpg" server="www.dreamshock.com/public_html/" local="130077345091213034" remote="130078135200000000" Dst="1" />
<file name="winner_redij_sameer.jpg" server="www.dreamshock.com/public_html/" local="130077345097989472" remote="130078135200000000" Dst="1" />
<file name="winner_reeves_stefani.jpg" server="www.dreamshock.com/public_html/" local="130077345129599516" remote="130078135200000000" Dst="1" />
<file name="winner_Reilly_Mike.jpg" server="www.dreamshock.com/public_html/" local="130077345153061830" remote="130077345600000000" Dst="1" />
<file name="winner_ricaurte_chris.jpg" server="www.dreamshock.com/public_html/" local="130077345172169983" remote="130078135200000000" Dst="1" />
<file name="winner_Rich_Michelle.jpg" server="www.dreamshock.com/public_html/" local="130077345178976453" remote="130077345600000000" Dst="1" />
<file name="winner_roberts_jennifer.jpg" server="www.dreamshock.com/public_html/" local="130077345191598455" remote="130078135200000000" Dst="1" />
<file name="winner_rinello_john.jpg" server="www.dreamshock.com/public_html/" local="130077345185202372" remote="130078135200000000" Dst="1" />
<file name="winner_Romanchuk_Rod.jpg" server="www.dreamshock.com/public_html/" local="130077345232887696" remote="130077345600000000" Dst="1" />
<file name="winner_rose_scott.jpg" server="www.dreamshock.com/public_html/" local="130077345246560699" remote="130078135200000000" Dst="1" />
<file name="winner_Ross_Jack.jpg" server="www.dreamshock.com/public_html/" local="130077345255278987" remote="130077345600000000" Dst="1" />
<file name="winner_rotigel_daniel.jpg" server="www.dreamshock.com/public_html/" local="130077345260854292" remote="130078135200000000" Dst="1" />
<file name="winner_rubenak_thomas.jpg" server="www.dreamshock.com/public_html/" local="130077345266679828" remote="130078135200000000" Dst="1" />
<file name="winner_russell_delaine.jpg" server="www.dreamshock.com/public_html/" local="130077345273256069" remote="130078135200000000" Dst="1" />
<file name="winner_Saely_Claude.jpg" server="www.dreamshock.com/public_html/" local="130077345286668824" remote="130077345600000000" Dst="1" />
<file name="winner_sakata_akio.jpg" server="www.dreamshock.com/public_html/" local="130077345293765575" remote="130078135200000000" Dst="1" />
<file name="winner_salen_caroline.jpg" server="www.dreamshock.com/public_html/" local="130077345304055341" remote="130078135200000000" Dst="1" />
<file name="winner_SantAnna_Mauricio_3.jpg" server="www.dreamshock.com/public_html/" local="130081636973454067" remote="130083369000000000" Dst="1" />
<file name="winner_santos_claudio.jpg" server="www.dreamshock.com/public_html/" local="130077345315516237" remote="130078135200000000" Dst="1" />
<file name="winner_schmidt_victoria.jpg" server="www.dreamshock.com/public_html/" local="130077345337306955" remote="130078135200000000" Dst="1" />
<file name="winner_sarfo_margaret.jpg" server="www.dreamshock.com/public_html/" local="130077345322923281" remote="130078135200000000" Dst="1" />
<file name="winner_Satyarthe_Priya.jpg" server="www.dreamshock.com/public_html/" local="130077345329729748" remote="130077345600000000" Dst="1" />
<file name="winner_Schweiger_Craig.jpg" server="www.dreamshock.com/public_html/" local="130077345350559552" remote="130077345600000000" Dst="1" />
<file name="winner_seabring_watts_virginia.jpg" server="www.dreamshock.com/public_html/" local="130077345357926549" remote="130078135200000000" Dst="1" />
<file name="winner_segal_justin.jpg" server="www.dreamshock.com/public_html/" local="130077345363772108" remote="130078135200000000" Dst="1" />
<file name="winner_Senecal_Emma.jpg" server="www.dreamshock.com/public_html/" local="130077345369907945" remote="130077345600000000" Dst="1" />
<file name="winner_shamanna_lokesh.jpg" server="www.dreamshock.com/public_html/" local="130077345375152922" remote="130078135200000000" Dst="1" />
<file name="winner_shapira_nancy.jpg" server="www.dreamshock.com/public_html/" local="130077345380227761" remote="130078135200000000" Dst="1" />
<file name="winner_Sheard_Kere.jpg" server="www.dreamshock.com/public_html/" local="130077345385943183" remote="130077345600000000" Dst="1" />
<file name="winner_sherbrook_christine.jpg" server="www.dreamshock.com/public_html/" local="130077345391098084" remote="130078135200000000" Dst="1" />
<file name="winner_sherter_craig.jpg" server="www.dreamshock.com/public_html/" local="130077345396863561" remote="130078135200000000" Dst="1" />
<file name="winner_Silacci_Nicole.jpg" server="www.dreamshock.com/public_html/" local="130077345403359732" remote="130077345600000000" Dst="1" />
<file name="winner_Silver_Lauren.jpg" server="www.dreamshock.com/public_html/" local="130077345409185274" remote="130077345600000000" Dst="1" />
<file name="winner_simonetti_kristen.jpg" server="www.dreamshock.com/public_html/" local="130077345414920731" remote="130078135200000000" Dst="1" />
<file name="winner_sipples_christine.jpg" server="www.dreamshock.com/public_html/" local="130077345433958823" remote="130078135200000000" Dst="1" />
<file name="winner_singh_anup.jpg" server="www.dreamshock.com/public_html/" local="130077345420756272" remote="130078135200000000" Dst="1" />
<file name="winner_skagen_gisle.jpg" server="www.dreamshock.com/public_html/" local="130077345446080339" remote="130078135200000000" Dst="1" />
<file name="winner_slattery_mike.jpg" server="www.dreamshock.com/public_html/" local="130077345452936868" remote="130078135200000000" Dst="1" />
<file name="winner_smerchansky_derrick.jpg" server="www.dreamshock.com/public_html/" local="130077345467160381" remote="130078135200000000" Dst="1" />
<file name="winner_Smith_Franziska.jpg" server="www.dreamshock.com/public_html/" local="130077345475047875" remote="130077345600000000" Dst="1" />
<file name="winner_Smedberg_Brad.jpg" server="www.dreamshock.com/public_html/" local="130077345460003574" remote="130077345600000000" Dst="1" />
<file name="winner_snelwar_daniel.jpg" server="www.dreamshock.com/public_html/" local="130077345484852705" remote="130078135200000000" Dst="1" />
<file name="winner_sorkin_david.jpg" server="www.dreamshock.com/public_html/" local="130077345492400720" remote="130078135200000000" Dst="1" />
<file name="winner_Sorley_Ryan.jpg" server="www.dreamshock.com/public_html/" local="130071312121277774" remote="130077329400000000" Dst="1" />
<file name="winner_spakouskas_andrew.jpg" server="www.dreamshock.com/public_html/" local="130077345506488818" remote="130078135200000000" Dst="1" />
<file name="winner_Spalding_Mellie.jpg" server="www.dreamshock.com/public_html/" local="130071312126855135" remote="130077329400000000" Dst="1" />
<file name="winner_sprecher_bradley.jpg" server="www.dreamshock.com/public_html/" local="130077345518950789" remote="130078135200000000" Dst="1" />
<file name="winner_staffen_marcus.jpg" server="www.dreamshock.com/public_html/" local="130077345526932399" remote="130078135200000000" Dst="1" />
<file name="winner_stambouli_kamel.jpg" server="www.dreamshock.com/public_html/" local="130077345534491980" remote="130078135200000000" Dst="1" />
<file name="winner_stellati_alessio.jpg" server="www.dreamshock.com/public_html/" local="130077345556268090" remote="130078135200000000" Dst="1" />
<file name="winner_Stirling_Jim.jpg" server="www.dreamshock.com/public_html/" local="130071312149907727" remote="130077329400000000" Dst="1" />
<file name="winner_Stodghill_Matt.jpg" server="www.dreamshock.com/public_html/" local="130071312161710645" remote="130077329400000000" Dst="1" />
<file name="winner_strout_audrey.jpg" server="www.dreamshock.com/public_html/" local="130077345595478086" remote="130078135200000000" Dst="1" />
<file name="winner_Su_Sam.jpg" server="www.dreamshock.com/public_html/" local="130071312195789515" remote="130077329400000000" Dst="1" />
<file name="winner_Sun_Leon.jpg" server="www.dreamshock.com/public_html/" local="130071312198642804" remote="130077329400000000" Dst="1" />
<file name="winner_syrad_rob.jpg" server="www.dreamshock.com/public_html/" local="130077345614268112" remote="130078135200000000" Dst="1" />
<file name="winner_tanaka_hiroki.jpg" server="www.dreamshock.com/public_html/" local="130077345627635542" remote="130078135200000000" Dst="1" />
<file name="winner_Tamulionis_Stephanie.jpg" server="www.dreamshock.com/public_html/" local="130071312205785449" remote="130077329400000000" Dst="1" />
<file name="winner_taylor_gary.jpg" server="www.dreamshock.com/public_html/" local="130077345641074780" remote="130078135200000000" Dst="1" />
<file name="winner_theelen_nelleke.jpg" server="www.dreamshock.com/public_html/" local="130077345655814631" remote="130078135200000000" Dst="1" />
<file name="winner_Thewissen_Philippe.jpg" server="www.dreamshock.com/public_html/" local="130071312227100542" remote="130077329400000000" Dst="1" />
<file name="winner_thibodeau_joe.jpg" server="www.dreamshock.com/public_html/" local="130077345670111723" remote="130078135200000000" Dst="1" />
<file name="winner_Tholt_Carlos.jpg" server="www.dreamshock.com/public_html/" local="130071312232866080" remote="130077329400000000" Dst="1" />
<file name="winner_thomas_dwight.jpg" server="www.dreamshock.com/public_html/" local="130077345693840341" remote="130078135200000000" Dst="1" />
<file name="winner_tomov_francoise.jpg" server="www.dreamshock.com/public_html/" local="130077345701522004" remote="130078135200000000" Dst="1" />
<file name="winner_Tooze_Chris.jpg" server="www.dreamshock.com/public_html/" local="130071312241504246" remote="130077329400000000" Dst="1" />
<file name="winner_topliss_ian.jpg" server="www.dreamshock.com/public_html/" local="130077345715795880" remote="130078135200000000" Dst="1" />
<file name="winner_trevino_bernardo.jpg" server="www.dreamshock.com/public_html/" local="130077345723112833" remote="130078135200000000" Dst="1" />
<file name="winner_tristao_deborah.jpg" server="www.dreamshock.com/public_html/" local="130077345731670082" remote="130078135200000000" Dst="1" />
<file name="winner_tsuchiya_hironobu.jpg" server="www.dreamshock.com/public_html/" local="130077345738597219" remote="130078135200000000" Dst="1" />
<file name="winner_Ulrich_Emily.jpg" server="www.dreamshock.com/public_html/" local="130071312256580152" remote="130077329400000000" Dst="1" />
<file name="winner_Valladao_Vinicius.jpg" server="www.dreamshock.com/public_html/" local="130071312262085582" remote="130077329400000000" Dst="1" />
<file name="winner_van_den_broeke_peter.jpg" server="www.dreamshock.com/public_html/" local="130077345772360984" remote="130078135200000000" Dst="1" />
<file name="winner_van_dongen_corne.jpg" server="www.dreamshock.com/public_html/" local="130077345778396801" remote="130078135200000000" Dst="1" />
<file name="winner_valverde_ernane.jpg" server="www.dreamshock.com/public_html/" local="130077345765415596" remote="130078135200000000" Dst="1" />
<file name="winner_Velloso_Cesar.jpg" server="www.dreamshock.com/public_html/" local="130071312273606559" remote="130077329400000000" Dst="1" />
<file name="winner_verma_yogesh.jpg" server="www.dreamshock.com/public_html/" local="130077345791555173" remote="130078135200000000" Dst="1" />
<file name="winner_vestey_roger.jpg" server="www.dreamshock.com/public_html/" local="130077345797771133" remote="130078135200000000" Dst="1" />
<file name="winner_Walden_Blake.jpg" server="www.dreamshock.com/public_html/" local="130071312291936108" remote="130077329400000000" Dst="1" />
<file name="winner_waechter_chris.jpg" server="www.dreamshock.com/public_html/" local="130077345811173721" remote="130078135200000000" Dst="1" />
<file name="winner_Watson_Marshall.jpg" server="www.dreamshock.com/public_html/" local="130071312300734485" remote="130077329400000000" Dst="1" />
<file name="winner_Walker_Peter.jpg" server="www.dreamshock.com/public_html/" local="130071312297941825" remote="130077329400000000" Dst="1" />
<file name="winner_Weinstein_Casey.jpg" server="www.dreamshock.com/public_html/" local="130071312309212814" remote="130077329400000000" Dst="1" />
<file name="winner_Weil_Allison.jpg" server="www.dreamshock.com/public_html/" local="130071312306330034" remote="130077329400000000" Dst="1" />
<file name="winner_wheeler_will.jpg" server="www.dreamshock.com/public_html/" local="130077345872987412" remote="130078135200000000" Dst="1" />
<file name="winner_whelan_lorraine.jpg" server="www.dreamshock.com/public_html/" local="130077345880464531" remote="130078135200000000" Dst="1" />
<file name="winner_Whitaker_Keith.jpg" server="www.dreamshock.com/public_html/" local="130071312323369311" remote="130077329400000000" Dst="1" />
<file name="winner_white_teresa.jpg" server="www.dreamshock.com/public_html/" local="130077345894775824" remote="130078135200000000" Dst="1" />
<file name="winner_wills_andy.jpg" server="www.dreamshock.com/public_html/" local="130077345907522985" remote="130078135200000000" Dst="1" />
<file name="winner_Wills_Tony.jpg" server="www.dreamshock.com/public_html/" local="130071312334509905" remote="130077329400000000" Dst="1" />
<file name="winner_wolk_ronald.jpg" server="www.dreamshock.com/public_html/" local="130077345919885163" remote="130078135200000000" Dst="1" />
<file name="winner_Wolters_Erich.jpg" server="www.dreamshock.com/public_html/" local="130071312348600375" remote="130077329400000000" Dst="1" />
<file name="winner_yacoub_bashar.jpg" server="www.dreamshock.com/public_html/" local="130077345938674884" remote="130078135200000000" Dst="1" />
<file name="winner_yamashita_kenichi.jpg" server="www.dreamshock.com/public_html/" local="130077345944190812" remote="130078135200000000" Dst="1" />
<file name="winner_yu_angela.jpg" server="www.dreamshock.com/public_html/" local="130077345951507771" remote="130078135200000000" Dst="1" />
<file name="winner_Zabjek_Mary.jpg" server="www.dreamshock.com/public_html/" local="130071312390842056" remote="130077329400000000" Dst="1" />
<file name="winner_Zhang_Ada.jpg" server="www.dreamshock.com/public_html/" local="130071312399482206" remote="130077329400000000" Dst="1" />
<file name="winner_Zervos_Nate.jpg" server="www.dreamshock.com/public_html/" local="130071312396518478" remote="130077329400000000" Dst="1" />
<file name="winner_Zhang_Shinny.jpg" server="www.dreamshock.com/public_html/" local="130071312402445471" remote="130077329400000000" Dst="1" />
<file name="winner_zhao_jie.jpg" server="www.dreamshock.com/public_html/" local="130077345989784151" remote="130078135200000000" Dst="1" />
<file name="winner_cheriyan_thomas.jpg" server="www.dreamshock.com/public_html/" local="130077343116084315" remote="130078135200000000" Dst="1" />
<file name="host_mccausland_valerie.jpg" server="www.dreamshock.com/public_html/" local="130077342520047761" remote="130078135200000000" Dst="1" />
<file name="winner_abbou_sophian.jpg" server="www.dreamshock.com/public_html/" local="130077342777852824" remote="130078135200000000" Dst="1" />
<file name="winner_akinsanya_michael.jpg" server="www.dreamshock.com/public_html/" local="130077342802236001" remote="130078135200000000" Dst="1" />
<file name="winner_albert_stephanie.jpg" server="www.dreamshock.com/public_html/" local="130077342808451900" remote="130078135200000000" Dst="1" />
<file name="winner_blumenthal_richard.jpg" server="www.dreamshock.com/public_html/" local="130077342961517505" remote="130078135200000000" Dst="1" />
<file name="winner_boivineau_arnaud.jpg" server="www.dreamshock.com/public_html/" local="130077342979304311" remote="130078135200000000" Dst="1" />
<file name="winner_bridwell_jerianne.jpg" server="www.dreamshock.com/public_html/" local="130077343022875724" remote="130078135200000000" Dst="1" />
<file name="winner_callegari_josephine.jpg" server="www.dreamshock.com/public_html/" local="130077343058699765" remote="130078135200000000" Dst="1" />
<file name="winner_campbell_jonathan.jpg" server="www.dreamshock.com/public_html/" local="130077343072512903" remote="130078135200000000" Dst="1" />
<file name="winner_cannon_jen.jpg" server="www.dreamshock.com/public_html/" local="130077343091480983" remote="130078135200000000" Dst="1" />
<file name="winner_carisi_roberto.jpg" server="www.dreamshock.com/public_html/" local="130077343103792632" remote="130078135200000000" Dst="1" />
<file name="winner_chiappe_john.jpg" server="www.dreamshock.com/public_html/" local="130077343121879819" remote="130078135200000000" Dst="1" />
<file name="winner_choinski_mischelle.jpg" server="www.dreamshock.com/public_html/" local="130077343133871216" remote="130078135200000000" Dst="1" />
<file name="winner_christopher_joe.jpg" server="www.dreamshock.com/public_html/" local="130077343140577659" remote="130078135200000000" Dst="1" />
<file name="winner_clarke_megan.jpg" server="www.dreamshock.com/public_html/" local="130077343159635707" remote="130078135200000000" Dst="1" />
<file name="winner_conley_jay.jpg" server="www.dreamshock.com/public_html/" local="130077343189794373" remote="130078135200000000" Dst="1" />
<file name="winner_copley_ashley.jpg" server="www.dreamshock.com/public_html/" local="130077343195760047" remote="130078135200000000" Dst="1" />
<file name="winner_cronin_robert.jpg" server="www.dreamshock.com/public_html/" local="130077343257628866" remote="130078135200000000" Dst="1" />
<file name="winner_crowel_dawn.jpg" server="www.dreamshock.com/public_html/" local="130077343263744671" remote="130078135200000000" Dst="1" />
<file name="winner_cyrus_rod.jpg" server="www.dreamshock.com/public_html/" local="130077343294684072" remote="130078135200000000" Dst="1" />
<file name="winner_dea_donna.jpg" server="www.dreamshock.com/public_html/" local="130077343369775453" remote="130078135200000000" Dst="1" />
<file name="winner_dorzhiev_sayan.jpg" server="www.dreamshock.com/public_html/" local="130077343433165706" remote="130078135200000000" Dst="1" />
<file name="winner_ehsan_asif.jpg" server="www.dreamshock.com/public_html/" local="130077343463944967" remote="130078135200000000" Dst="1" />
<file name="winner_eide_carri.jpg" server="www.dreamshock.com/public_html/" local="130077343469750479" remote="130078135200000000" Dst="1" />
<file name="winner_ellis_nancy.jpg" server="www.dreamshock.com/public_html/" local="130077343476176595" remote="130078135200000000" Dst="1" />
<file name="winner_eron_heather.jpg" server="www.dreamshock.com/public_html/" local="130077343507736587" remote="130078135200000000" Dst="1" />
<file name="winner_feinstein_david.jpg" server="www.dreamshock.com/public_html/" local="130077343565381380" remote="130078135200000000" Dst="1" />
<file name="winner_fischer_patrick.jpg" server="www.dreamshock.com/public_html/" local="130077343584139218" remote="130078135200000000" Dst="1" />
<file name="winner_fitzgerald_caileen.jpg" server="www.dreamshock.com/public_html/" local="130077343595990483" remote="130078135200000000" Dst="1" />
<file name="winner_franch_kim.jpg" server="www.dreamshock.com/public_html/" local="130077343627510440" remote="130078135200000000" Dst="1" />
<file name="winner_fukumoto_koichi.jpg" server="www.dreamshock.com/public_html/" local="130077343650121939" remote="130078135200000000" Dst="1" />
<file name="winner_galenkamp_chris.jpg" server="www.dreamshock.com/public_html/" local="130077343668749636" remote="130078135200000000" Dst="1" />
<file name="winner_garofolo_dana.jpg" server="www.dreamshock.com/public_html/" local="130077343687617575" remote="130078135200000000" Dst="1" />
<file name="winner_garrett_adam.jpg" server="www.dreamshock.com/public_html/" local="130077343692952640" remote="130078135200000000" Dst="1" />
<file name="winner_gibertoni_stephen.jpg" server="www.dreamshock.com/public_html/" local="130077343750647492" remote="130078135200000000" Dst="1" />
<file name="winner_giordano_liz.jpg" server="www.dreamshock.com/public_html/" local="130077343757463977" remote="130078135200000000" Dst="1" />
<file name="winner_goel_ankur.jpg" server="www.dreamshock.com/public_html/" local="130077343764450608" remote="130078135200000000" Dst="1" />
<file name="winner_goodwin_dave.jpg" server="www.dreamshock.com/public_html/" local="130077343776742285" remote="130078135200000000" Dst="1" />
<file name="winner_hamilton_marisa.jpg" server="www.dreamshock.com/public_html/" local="130077343877018154" remote="130078135200000000" Dst="1" />
<file name="winner_handman_daniel.jpg" server="www.dreamshock.com/public_html/" local="130077343899369402" remote="130078135200000000" Dst="1" />
<file name="winner_hill_darren.jpg" server="www.dreamshock.com/public_html/" local="130077343985731483" remote="130078135200000000" Dst="1" />
<file name="winner_hoffert_william.jpg" server="www.dreamshock.com/public_html/" local="130077343991557022" remote="130078135200000000" Dst="1" />
<file name="winner_hongladarom_varavich.jpg" server="www.dreamshock.com/public_html/" local="130077344012336774" remote="130078135200000000" Dst="1" />
<file name="winner_iwai_ryoko.jpg" server="www.dreamshock.com/public_html/" local="130077344072063608" remote="130078135200000000" Dst="1" />
<file name="winner_jan_adnan.jpg" server="www.dreamshock.com/public_html/" local="130077344078599811" remote="130078135200000000" Dst="1" />
<file name="winner_jenkins_kathy.jpg" server="www.dreamshock.com/public_html/" local="130077344092452979" remote="130078135200000000" Dst="1" />
<file name="winner_jin_lena.jpg" server="www.dreamshock.com/public_html/" local="130077344098278515" remote="130078135200000000" Dst="1" />
<file name="winner_johnston_todd.jpg" server="www.dreamshock.com/public_html/" local="130077344124313267" remote="130078135200000000" Dst="1" />
<file name="winner_johnson_deanne.jpg" server="www.dreamshock.com/public_html/" local="130077344111170769" remote="130078135200000000" Dst="1" />
<file name="winner_judge_martin.jpg" server="www.dreamshock.com/public_html/" local="130077344148946678" remote="130078135200000000" Dst="1" />
<file name="winner_kardokas_karolis.jpg" server="www.dreamshock.com/public_html/" local="130077344162719776" remote="130078135200000000" Dst="1" />
<file name="winner_kendall_debbie.jpg" server="www.dreamshock.com/public_html/" local="130077344177043388" remote="130078135200000000" Dst="1" />
<file name="winner_kenny_david.jpg" server="www.dreamshock.com/public_html/" local="130077344190426108" remote="130078135200000000" Dst="1" />
<file name="winner_kirmaci_hassen.jpg" server="www.dreamshock.com/public_html/" local="130077344224898876" remote="130078135200000000" Dst="1" />
<file name="winner_kiser_michael.jpg" server="www.dreamshock.com/public_html/" local="130077344230724792" remote="130078135200000000" Dst="1" />
<file name="winner_klaeren_oliver.jpg" server="www.dreamshock.com/public_html/" local="130077344237531271" remote="130078135200000000" Dst="1" />
<file name="winner_knisely_bryan.jpg" server="www.dreamshock.com/public_html/" local="130077344251314362" remote="130078135200000000" Dst="1" />
<file name="winner_krol_ewa.jpg" server="www.dreamshock.com/public_html/" local="130077344277909638" remote="130078135200000000" Dst="1" />
<file name="winner_kudrnova_marketa.jpg" server="www.dreamshock.com/public_html/" local="130077344291132212" remote="130078135200000000" Dst="1" />
<file name="winner_lambert_stephanie.jpg" server="www.dreamshock.com/public_html/" local="130077344311901949" remote="130078135200000000" Dst="1" />
<file name="winner_lee_maggie.jpg" server="www.dreamshock.com/public_html/" local="130077344331720790" remote="130078135200000000" Dst="1" />
<file name="winner_lieberman_mark.jpg" server="www.dreamshock.com/public_html/" local="130077344381037967" remote="130078135200000000" Dst="1" />
<file name="winner_li_david.jpg" server="www.dreamshock.com/public_html/" local="130077344373510510" remote="130078135200000000" Dst="1" />
<file name="winner_losada_frank.jpg" server="www.dreamshock.com/public_html/" local="130077344407472792" remote="130078135200000000" Dst="1" />
<file name="winner_lubs_chris.jpg" server="www.dreamshock.com/public_html/" local="130077344414379355" remote="130078135200000000" Dst="1" />
<file name="winner_mahabir_francis.jpg" server="www.dreamshock.com/public_html/" local="130077344442606200" remote="130078135200000000" Dst="1" />
<file name="winner_manchanda_rohit.jpg" server="www.dreamshock.com/public_html/" local="130077344462435036" remote="130078135200000000" Dst="1" />
<file name="winner_mascherona_mauro.jpg" server="www.dreamshock.com/public_html/" local="130077344503614182" remote="130078135200000000" Dst="1" />
<file name="winner_matias_ricardo.jpg" server="www.dreamshock.com/public_html/" local="130077344517457335" remote="130078135200000000" Dst="1" />
<file name="winner_mattson_clint.jpg" server="www.dreamshock.com/public_html/" local="130077344530679915" remote="130078135200000000" Dst="1" />
<file name="winner_mcdowall_jane.jpg" server="www.dreamshock.com/public_html/" local="130077344556734787" remote="130078135200000000" Dst="1" />
<file name="winner_mcinerny_john.jpg" server="www.dreamshock.com/public_html/" local="130077344575222241" remote="130078135200000000" Dst="1" />
<file name="winner_mcintyre_jan.jpg" server="www.dreamshock.com/public_html/" local="130077344587774176" remote="130078135200000000" Dst="1" />
<file name="winner_mclaren_john.jpg" server="www.dreamshock.com/public_html/" local="130077344593659767" remote="130078135200000000" Dst="1" />
<file name="winner_medlock_kathryn.jpg" server="www.dreamshock.com/public_html/" local="130077344611877083" remote="130078135200000000" Dst="1" />
<file name="winner_mehra_gautam.jpg" server="www.dreamshock.com/public_html/" local="130077344618022936" remote="130078135200000000" Dst="1" />
<file name="winner_miguelez_juan_pablo.jpg" server="www.dreamshock.com/public_html/" local="130077344629794113" remote="130078135200000000" Dst="1" />
<file name="winner_minett_chelsee.jpg" server="www.dreamshock.com/public_html/" local="130077344643347052" remote="130078135200000000" Dst="1" />
<file name="winner_montgomery_doug.jpg" server="www.dreamshock.com/public_html/" local="130077344680872674" remote="130078135200000000" Dst="1" />
<file name="winner_morris_devin.jpg" server="www.dreamshock.com/public_html/" local="130077344700321211" remote="130078135200000000" Dst="1" />
<file name="winner_morrison_paul.jpg" server="www.dreamshock.com/public_html/" local="130077344707467959" remote="130078135200000000" Dst="1" />
<file name="winner_okla_steve.jpg" server="www.dreamshock.com/public_html/" local="130077344796412815" remote="130078135200000000" Dst="1" />
<file name="winner_orozco_salvador.jpg" server="www.dreamshock.com/public_html/" local="130077344809285049" remote="130078135200000000" Dst="1" />
<file name="winner_page_matthieu.jpg" server="www.dreamshock.com/public_html/" local="130077344829043834" remote="130078135200000000" Dst="1" />
<file name="winner_pape_nick.jpg" server="www.dreamshock.com/public_html/" local="130077344842866985" remote="130078135200000000" Dst="1" />
<file name="winner_parkinson_allana.jpg" server="www.dreamshock.com/public_html/" local="130077344855348835" remote="130078135200000000" Dst="1" />
<file name="winner_peixoto_andre_cortines.jpg" server="www.dreamshock.com/public_html/" local="130077344899931219" remote="130078135200000000" Dst="1" />
<file name="winner_perez_arantxa.jpg" server="www.dreamshock.com/public_html/" local="130077344907848740" remote="130078135200000000" Dst="1" />
<file name="winner_pierce_matthew.jpg" server="www.dreamshock.com/public_html/" local="130077344938818179" remote="130078135200000000" Dst="1" />
<file name="winner_polcyn_agata.jpg" server="www.dreamshock.com/public_html/" local="130077344969647480" remote="130078135200000000" Dst="1" />
<file name="winner_plavnik_kent.jpg" server="www.dreamshock.com/public_html/" local="130077344961810030" remote="130078135200000000" Dst="1" />
<file name="winner_polk_patrick.jpg" server="www.dreamshock.com/public_html/" local="130077344977625068" remote="130078135200000000" Dst="1" />
<file name="winner_queen_mark.jpg" server="www.dreamshock.com/public_html/" local="130077345028833738" remote="130078135200000000" Dst="1" />
<file name="winner_ramos_christina.jpg" server="www.dreamshock.com/public_html/" local="130077345050364207" remote="130078135200000000" Dst="1" />
<file name="winner_reilly_mike.jpg" server="www.dreamshock.com/public_html/" local="130077345153061830" remote="130078135200000000" Dst="1" />
<file name="winner_rich_michelle.jpg" server="www.dreamshock.com/public_html/" local="130077345178976453" remote="130078135200000000" Dst="1" />
<file name="winner_romanchuk_rod.jpg" server="www.dreamshock.com/public_html/" local="130077345232887696" remote="130078135200000000" Dst="1" />
<file name="winner_ross_jack.jpg" server="www.dreamshock.com/public_html/" local="130077345255278987" remote="130078135200000000" Dst="1" />
<file name="winner_saely_claude.jpg" server="www.dreamshock.com/public_html/" local="130077345286668824" remote="130078135200000000" Dst="1" />
<file name="winner_santanna_mauricio_3.jpg" server="www.dreamshock.com/public_html/" local="130077345309230277" remote="130078135200000000" Dst="1" />
<file name="winner_satyarthe_priya.jpg" server="www.dreamshock.com/public_html/" local="130077345329729748" remote="130078135200000000" Dst="1" />
<file name="winner_schweiger_craig.jpg" server="www.dreamshock.com/public_html/" local="130077345350559552" remote="130078135200000000" Dst="1" />
<file name="winner_senecal_emma.jpg" server="www.dreamshock.com/public_html/" local="130077345369907945" remote="130078135200000000" Dst="1" />
<file name="winner_sheard_kere.jpg" server="www.dreamshock.com/public_html/" local="130077345385943183" remote="130078135200000000" Dst="1" />
<file name="winner_silacci_nicole.jpg" server="www.dreamshock.com/public_html/" local="130077345403359732" remote="130078135200000000" Dst="1" />
<file name="winner_silver_lauren.jpg" server="www.dreamshock.com/public_html/" local="130077345409185274" remote="130078135200000000" Dst="1" />
<file name="winner_smedberg_brad.jpg" server="www.dreamshock.com/public_html/" local="130077345460003574" remote="130078135200000000" Dst="1" />
<file name="winner_smith_franziska.jpg" server="www.dreamshock.com/public_html/" local="130077345475047875" remote="130078135200000000" Dst="1" />
<file name="winner_sorley_ryan.jpg" server="www.dreamshock.com/public_html/" local="130077345499141936" remote="130078135200000000" Dst="1" />
<file name="winner_spalding_mellie.jpg" server="www.dreamshock.com/public_html/" local="130077345512477660" remote="130078135200000000" Dst="1" />
<file name="winner_stirling_jim.jpg" server="www.dreamshock.com/public_html/" local="130077345573093635" remote="130078135200000000" Dst="1" />
<file name="winner_stodghill_matt.jpg" server="www.dreamshock.com/public_html/" local="130077345581234043" remote="130078135200000000" Dst="1" />
<file name="winner_sun_leon.jpg" server="www.dreamshock.com/public_html/" local="130077345608668857" remote="130078135200000000" Dst="1" />
<file name="winner_su_sam.jpg" server="www.dreamshock.com/public_html/" local="130077345602033271" remote="130078135200000000" Dst="1" />
<file name="winner_tamulionis_stephanie.jpg" server="www.dreamshock.com/public_html/" local="130077345621175559" remote="130078135200000000" Dst="1" />
<file name="winner_thewissen_philippe.jpg" server="www.dreamshock.com/public_html/" local="130077345662835724" remote="130078135200000000" Dst="1" />
<file name="winner_tholt_carlos.jpg" server="www.dreamshock.com/public_html/" local="130077345677319731" remote="130078135200000000" Dst="1" />
<file name="winner_tooze_chris.jpg" server="www.dreamshock.com/public_html/" local="130077345708411596" remote="130078135200000000" Dst="1" />
<file name="winner_ulrich_emily.jpg" server="www.dreamshock.com/public_html/" local="130077345745564581" remote="130078135200000000" Dst="1" />
<file name="winner_valladao_vinicius.jpg" server="www.dreamshock.com/public_html/" local="130077345759140362" remote="130078135200000000" Dst="1" />
<file name="winner_velloso_cesar.jpg" server="www.dreamshock.com/public_html/" local="130077345785037144" remote="130078135200000000" Dst="1" />
<file name="winner_walden_blake.jpg" server="www.dreamshock.com/public_html/" local="130077345818190797" remote="130078135200000000" Dst="1" />
<file name="winner_walker_peter.jpg" server="www.dreamshock.com/public_html/" local="130077345826425714" remote="130078135200000000" Dst="1" />
<file name="winner_watson_marshall.jpg" server="www.dreamshock.com/public_html/" local="130077345836351595" remote="130078135200000000" Dst="1" />
<file name="winner_weil_allison.jpg" server="www.dreamshock.com/public_html/" local="130077345849091350" remote="130078135200000000" Dst="1" />
<file name="winner_weinstein_casey.jpg" server="www.dreamshock.com/public_html/" local="130077345855557943" remote="130078135200000000" Dst="1" />
<file name="winner_whitaker_keith.jpg" server="www.dreamshock.com/public_html/" local="130077345887643316" remote="130078135200000000" Dst="1" />
<file name="winner_wills_tony.jpg" server="www.dreamshock.com/public_html/" local="130077345912738556" remote="130078135200000000" Dst="1" />
<file name="winner_wolters_erich.jpg" server="www.dreamshock.com/public_html/" local="130077345925940921" remote="130078135200000000" Dst="1" />
<file name="winner_zabjek_mary.jpg" server="www.dreamshock.com/public_html/" local="130077345958524440" remote="130078135200000000" Dst="1" />
<file name="winner_zervos_nate.jpg" server="www.dreamshock.com/public_html/" local="130077345972257546" remote="130078135200000000" Dst="1" />
<file name="winner_zhang_ada.jpg" server="www.dreamshock.com/public_html/" local="130077345977612578" remote="130078135200000000" Dst="1" />
<file name="winner_zhang_shinny.jpg" server="www.dreamshock.com/public_html/" local="130077345983958615" remote="130078135200000000" Dst="1" />
<file name="noimage.jpg" server="www.dreamshock.com/public_html/" local="130078169334076577" remote="130078171200000000" Dst="1" />
<file name="winner_cordero_pia_chong.jpg" server="www.dreamshock.com/public_html/" local="130077343201055079" remote="130078264200000000" Dst="1" />
<file name="winner_costa_paiva_rodrigo.jpg" server="www.dreamshock.com/public_html/" local="130077343219993080" remote="130078264200000000" Dst="1" />
<file name="winner_cox_nigel.jpg" server="www.dreamshock.com/public_html/" local="130077343232955510" remote="130078264200000000" Dst="1" />
<file name="winner_craven_wilkinson_edward.jpg" server="www.dreamshock.com/public_html/" local="130077343251192747" remote="130078264200000000" Dst="1" />
<file name="winner_de_nicolo_gianfranco.jpg" server="www.dreamshock.com/public_html/" local="130077343363019030" remote="130078264200000000" Dst="1" />
<file name="winner_johansen_thomas.jpg" server="www.dreamshock.com/public_html/" local="130077344105385277" remote="130078264200000000" Dst="1" />
<file name="winner_mchenry_annesley_ronda.jpg" server="www.dreamshock.com/public_html/" local="130077344568826163" remote="130078264200000000" Dst="1" />
<file name="winner_mansell_cook_ally.jpg" server="www.dreamshock.com/public_html/" local="130077344468400712" remote="130078264200000000" Dst="1" />
<file name="winner_robison_rivera_fiona.jpg" server="www.dreamshock.com/public_html/" local="130077345212408231" remote="130078264200000000" Dst="1" />
<file name="winner_tenwolde_julie.jpg" server="www.dreamshock.com/public_html/" local="130077345648874797" remote="130078264200000000" Dst="1" />
<file name="winner_comunale_christine.jpg" server="www.dreamshock.com/public_html/" local="130077343184038905" remote="130078264200000000" Dst="1" />
<file name="host_krug_marcio.jpg" server="www.dreamshock.com/public_html/" local="130077344285226591" remote="130078279800000000" Dst="1" />
<file name="host_fahnlander_beth.jpg" server="www.dreamshock.com/public_html/" local="130077343525843797" remote="130078285200000000" Dst="1" />
<file name="host_arlington_gregory_l.jpg" server="www.dreamshock.com/public_html/" local="130077342435947829" remote="130078285200000000" Dst="1" />
<file name="EagleMaker.png" server="www.dreamshock.com/public_html/" local="130083366582816195" remote="130083368400000000" Dst="1" />
<file name="host_genys_tatjana.jpg" server="www.dreamshock.com/public_html/" local="130077343724202357" remote="130083369000000000" Dst="1" />
<file name="host_holmes_daniel_j.jpg" server="www.dreamshock.com/public_html/" local="130077342486976326" remote="130083369000000000" Dst="1" />
<file name="host_julian_diane_l.jpg" server="www.dreamshock.com/public_html/" local="130077342508817088" remote="130083369000000000" Dst="1" />
<file name="host_kinslow_thomas.jpg" server="www.dreamshock.com/public_html/" local="130077342514222269" remote="130083369000000000" Dst="1" />
<file name="host_moe_ali.jpg" server="www.dreamshock.com/public_html/" local="130077342821324131" remote="130096674600000000" Dst="2" />
<file name="host_obert_andrew.jpg" server="www.dreamshock.com/public_html/" local="130077342656447411" remote="130083369000000000" Dst="1" />
<file name="host_paesen_jeroen.jpg" server="www.dreamshock.com/public_html/" local="130077344822167294" remote="130083369000000000" Dst="1" />
<file name="host_park_weir_becky.jpg" server="www.dreamshock.com/public_html/" local="130077344849563334" remote="130083369000000000" Dst="1" />
<file name="host_persico_peter_j.jpg" server="www.dreamshock.com/public_html/" local="130077342556682581" remote="130083369000000000" Dst="1" />
<file name="host_phillips_timothy_h.jpg" server="www.dreamshock.com/public_html/" local="130077342562418038" remote="130083369000000000" Dst="1" />
<file name="host_reagan_katharine_n.jpg" server="www.dreamshock.com/public_html/" local="130077342572887988" remote="130083369000000000" Dst="1" />
<file name="TAEagleMaker.png" server="www.dreamshock.com/public_html/" local="130083366086182917" remote="130083369000000000" Dst="1" />
<file name="TAMaker.png" server="www.dreamshock.com/public_html/" local="130083366721539272" remote="130083369000000000" Dst="1" />
<file name="winner_arvidsson_lena.jpg" server="www.dreamshock.com/public_html/" local="130077342857188222" remote="130083369000000000" Dst="1" />
<file name="winner_aspesi_maria_cristina.jpg" server="www.dreamshock.com/public_html/" local="130077342868849311" remote="130083369000000000" Dst="1" />
<file name="winner_apostolakos_steven.jpg" server="www.dreamshock.com/public_html/" local="130077342839541447" remote="130083369000000000" Dst="1" />
<file name="winner_avolio_anne_michelle.jpg" server="www.dreamshock.com/public_html/" local="130077342875145289" remote="130083369000000000" Dst="1" />
<file name="winner_azodi_nima.jpg" server="www.dreamshock.com/public_html/" local="130077342886786364" remote="130083369000000000" Dst="1" />
<file name="winner_birch_steve.jpg" server="www.dreamshock.com/public_html/" local="130077342765280860" remote="130083369000000000" Dst="1" />
<file name="winner_boggs_carla_blalock.jpg" server="www.dreamshock.com/public_html/" local="130077342973228521" remote="130083369000000000" Dst="1" />
<file name="winner_bradley_denise.jpg" server="www.dreamshock.com/public_html/" local="130077342997681780" remote="130083369000000000" Dst="1" />
<file name="winner_brauer_jennifer.jpg" server="www.dreamshock.com/public_html/" local="130077343015989166" remote="130083369000000000" Dst="1" />
<file name="winner_broad_philip.jpg" server="www.dreamshock.com/public_html/" local="130077343028871467" remote="130083369000000000" Dst="1" />
<file name="winner_camilleri_anne_laure.jpg" server="www.dreamshock.com/public_html/" local="130077343065536278" remote="130083369000000000" Dst="1" />
<file name="winner_campi_perry_vincent.jpg" server="www.dreamshock.com/public_html/" local="130077343085685415" remote="130083369000000000" Dst="1" />
<file name="winner_cappello_robert.jpg" server="www.dreamshock.com/public_html/" local="130077343097156326" remote="130083369000000000" Dst="1" />
<file name="winner_cereceda_inigo.jpg" server="www.dreamshock.com/public_html/" local="130077343109628173" remote="130083369000000000" Dst="1" />
<file name="winner_clarke_mike.jpg" server="www.dreamshock.com/public_html/" local="130077343166892754" remote="130083369000000000" Dst="1" />
<file name="winner_clark_jennifer.jpg" server="www.dreamshock.com/public_html/" local="130077343153589978" remote="130083369000000000" Dst="1" />
<file name="winner_cox_ryan_g.jpg" server="www.dreamshock.com/public_html/" local="130077343239551670" remote="130083369000000000" Dst="1" />
<file name="winner_cunningham_jack.jpg" server="www.dreamshock.com/public_html/" local="130081634639169107" remote="130083369000000000" Dst="1" />
<file name="winner_cox_swafford_jolynn.jpg" server="www.dreamshock.com/public_html/" local="130077343244966819" remote="130083369000000000" Dst="1" />
<file name="winner_dal_santo_joe.jpg" server="www.dreamshock.com/public_html/" local="130077343307326092" remote="130083369000000000" Dst="1" />
<file name="winner_daharsh_michael_martin.jpg" server="www.dreamshock.com/public_html/" local="130077343301360421" remote="130083369000000000" Dst="1" />
<file name="winner_damenti_michael_a.jpg" server="www.dreamshock.com/public_html/" local="130077343319297477" remote="130083369000000000" Dst="1" />
<file name="winner_damico_stacy.jpg" server="www.dreamshock.com/public_html/" local="130081636655621015" remote="130083369000000000" Dst="1" />
<file name="winner_damico__stacy.jpg" server="www.dreamshock.com/public_html/" local="130081636655621015" remote="130083369000000000" Dst="1" />
<file name="winner_dargentre_alexis.jpg" server="www.dreamshock.com/public_html/" local="130081644911680701" remote="130083369000000000" Dst="1" />
<file name="winner_del_pizzo_mike.jpg" server="www.dreamshock.com/public_html/" local="130077343376311679" remote="130083369000000000" Dst="1" />
<file name="winner_de_la_torre_rogelio.jpg" server="www.dreamshock.com/public_html/" local="130077343356622949" remote="130083369000000000" Dst="1" />
<file name="winner_egan_stefanie.jpg" server="www.dreamshock.com/public_html/" local="130077345548175981" remote="130083369000000000" Dst="1" />
<file name="winner_erler_julie_k.jpg" server="www.dreamshock.com/public_html/" local="130077343501690907" remote="130083369000000000" Dst="1" />
<file name="winner_falkingham_alex.jpg" server="www.dreamshock.com/public_html/" local="130077343532099758" remote="130083369000000000" Dst="1" />
<file name="winner_fay_jr_jim.jpg" server="www.dreamshock.com/public_html/" local="130077343559555842" remote="130083369000000000" Dst="1" />
<file name="winner_ferraro_ben_p.jpg" server="www.dreamshock.com/public_html/" local="130077343571276987" remote="130083369000000000" Dst="1" />
<file name="winner_fitzer_tera.jpg" server="www.dreamshock.com/public_html/" local="130077343590184964" remote="130083369000000000" Dst="1" />
<file name="winner_galli_massimiliano.jpg" server="www.dreamshock.com/public_html/" local="130077343674545160" remote="130083369000000000" Dst="1" />
<file name="winner_giard_ashlea_marie.jpg" server="www.dreamshock.com/public_html/" local="130077343744281430" remote="130083369000000000" Dst="1" />
<file name="winner_gentile_victor.jpg" server="www.dreamshock.com/public_html/" local="130077343716715240" remote="130083369000000000" Dst="1" />
<file name="winner_goodman_lauren.jpg" server="www.dreamshock.com/public_html/" local="130077343770266143" remote="130083369000000000" Dst="1" />
<file name="winner_graziani_stephen.jpg" server="www.dreamshock.com/public_html/" local="130077343784139326" remote="130083369000000000" Dst="1" />
<file name="winner_groth_tj.jpg" server="www.dreamshock.com/public_html/" local="130077343806750817" remote="130083369000000000" Dst="1" />
<file name="winner_gunderson_rob.jpg" server="www.dreamshock.com/public_html/" local="130077343830133051" remote="130083369000000000" Dst="1" />
<file name="winner_hammock_erin_paige.jpg" server="www.dreamshock.com/public_html/" local="130077343891782198" remote="130083369000000000" Dst="1" />
<file name="winner_haga_hans_johan.jpg" server="www.dreamshock.com/public_html/" local="130077343861963903" remote="130083369000000000" Dst="1" />
<file name="winner_haber_tracey_j.jpg" server="www.dreamshock.com/public_html/" local="130077343845648329" remote="130083369000000000" Dst="1" />
<file name="winner_hanson_matthew.jpg" server="www.dreamshock.com/public_html/" local="130077343905595313" remote="130083369000000000" Dst="1" />
<file name="winner_harbinson_heather_j.jpg" server="www.dreamshock.com/public_html/" local="130077343912882248" remote="130083369000000000" Dst="1" />
<file name="winner_hartzell_andrew.jpg" server="www.dreamshock.com/public_html/" local="130077343943811646" remote="130083369000000000" Dst="1" />
<file name="winner_hartzell_benjamin.jpg" server="www.dreamshock.com/public_html/" local="130077343949717264" remote="130083369000000000" Dst="1" />
<file name="winner_hernandez_mary_kate.jpg" server="www.dreamshock.com/public_html/" local="130077343978834928" remote="130083369000000000" Dst="1" />
<file name="winner_hughes_michelle.jpg" server="www.dreamshock.com/public_html/" local="130081634668827348" remote="130083369000000000" Dst="1" />
<file name="winner_javurkova_petra.jpg" server="www.dreamshock.com/public_html/" local="130077344084595511" remote="130083369000000000" Dst="1" />
<file name="winner_joshi_pinakin.jpg" server="www.dreamshock.com/public_html/" local="130077344136735071" remote="130083369000000000" Dst="1" />
<file name="winner_kelly_teri_ann.jpg" server="www.dreamshock.com/public_html/" local="130077344170557220" remote="130083369000000000" Dst="1" />
<file name="winner_khan_imtiaz_ali.jpg" server="www.dreamshock.com/public_html/" local="130077344197542871" remote="130083369000000000" Dst="1" />
<file name="winner_king_amanda.jpg" server="www.dreamshock.com/public_html/" local="130077344204269265" remote="130083369000000000" Dst="1" />
<file name="winner_klobnock_andrew.jpg" server="www.dreamshock.com/public_html/" local="130077344244567951" remote="130083369000000000" Dst="1" />
<file name="winner_koehler_monique.jpg" server="www.dreamshock.com/public_html/" local="130077344257630416" remote="130083369000000000" Dst="1" />
<file name="winner_koibuchi_tatsuya.jpg" server="www.dreamshock.com/public_html/" local="130077345633830162" remote="130083369000000000" Dst="1" />
<file name="winner_lamb_jim.jpg" server="www.dreamshock.com/public_html/" local="130077346004157810" remote="130083369000000000" Dst="1" />
<file name="winner_last_matthew.jpg" server="www.dreamshock.com/public_html/" local="130077344319419098" remote="130083369000000000" Dst="1" />
<file name="winner_leblanc_lucas.jpg" server="www.dreamshock.com/public_html/" local="130077344325655029" remote="130083369000000000" Dst="1" />
<file name="winner_levi_glenn.jpg" server="www.dreamshock.com/public_html/" local="130077344360808437" remote="130083369000000000" Dst="1" />
<file name="winner_luhrsen_dane_k.jpg" server="www.dreamshock.com/public_html/" local="130077344427922233" remote="130083369000000000" Dst="1" />
<file name="winner_maher_michael.jpg" server="www.dreamshock.com/public_html/" local="130077344449422670" remote="130083369000000000" Dst="1" />
<file name="winner_mason_ronald.jpg" server="www.dreamshock.com/public_html/" local="130077344509980233" remote="130083369000000000" Dst="1" />
<file name="winner_mcdaniel_tyler.jpg" server="www.dreamshock.com/public_html/" local="130077344549617904" remote="130083369000000000" Dst="1" />
<file name="winner_mcgrath_michael_p.jpg" server="www.dreamshock.com/public_html/" local="130077344562630346" remote="130083369000000000" Dst="1" />
<file name="winner_mckitrick_kent.jpg" server="www.dreamshock.com/public_html/" local="130077342759235113" remote="130083369000000000" Dst="1" />
<file name="winner_meaders_joel.jpg" server="www.dreamshock.com/public_html/" local="130077344606071568" remote="130083369000000000" Dst="1" />
<file name="winner_migliorini_jr_lou.jpg" server="www.dreamshock.com/public_html/" local="130077344624479063" remote="130083369000000000" Dst="1" />
<file name="winner_moe_holly_a.jpg" server="www.dreamshock.com/public_html/" local="130077344660393200" remote="130083369000000000" Dst="1" />
<file name="winner_moklebust_tiffany_a.jpg" server="www.dreamshock.com/public_html/" local="130077344674466646" remote="130083369000000000" Dst="1" />
<file name="winner_mosca_flavio.jpg" server="www.dreamshock.com/public_html/" local="130077344496387308" remote="130083369000000000" Dst="1" />
<file name="winner_motey_laurie.jpg" server="www.dreamshock.com/public_html/" local="130081634704511343" remote="130083369000000000" Dst="1" />
<file name="winner_mueller_stephanie_t.jpg" server="www.dreamshock.com/public_html/" local="130077344719759964" remote="130083369000000000" Dst="1" />
<file name="winner_nemeskal_kimberly.jpg" server="www.dreamshock.com/public_html/" local="130077344763821833" remote="130083369000000000" Dst="1" />
<file name="winner_netto_gustavo_barbosa.jpg" server="www.dreamshock.com/public_html/" local="130077344770598276" remote="130083369000000000" Dst="1" />
<file name="winner_nijjar_ikroop.jpg" server="www.dreamshock.com/public_html/" local="130077344776744123" remote="130083369000000000" Dst="1" />
<file name="winner_ohtani_mauricio.jpg" server="www.dreamshock.com/public_html/" local="130077344789736471" remote="130083369000000000" Dst="1" />
<file name="winner_olsen_jennifer_l.jpg" server="www.dreamshock.com/public_html/" local="130077344802738854" remote="130083369000000000" Dst="1" />
<file name="winner_parry_chris.jpg" server="www.dreamshock.com/public_html/" local="130077344863066168" remote="130083369000000000" Dst="1" />
<file name="winner_patterson_michael.jpg" server="www.dreamshock.com/public_html/" local="130077344876508956" remote="130083369000000000" Dst="1" />
<file name="winner_pearson_phil_pearson.jpg" server="www.dreamshock.com/public_html/" local="130077344890642393" remote="130083369000000000" Dst="1" />
<file name="winner_poplawski_kreie_donna.jpg" server="www.dreamshock.com/public_html/" local="130077344984381491" remote="130083369000000000" Dst="1" />
<file name="winner_price_kevin_john.jpg" server="www.dreamshock.com/public_html/" local="130077345013789443" remote="130083369000000000" Dst="1" />
<file name="winner_ramer_eileen_l.jpg" server="www.dreamshock.com/public_html/" local="130077345043457637" remote="130083369000000000" Dst="1" />
<file name="winner_possidento_joseph.jpg" server="www.dreamshock.com/public_html/" local="130077344991868614" remote="130083369000000000" Dst="1" />
<file name="winner_rao_arun_h.jpg" server="www.dreamshock.com/public_html/" local="130077345072675416" remote="130083369000000000" Dst="1" />
<file name="winner_rausch_allen_alexis.jpg" server="www.dreamshock.com/public_html/" local="130077345084646795" remote="130083369000000000" Dst="1" />
<file name="winner_reed_raymond_l.jpg" server="www.dreamshock.com/public_html/" local="130077345106167244" remote="130083369000000000" Dst="1" />
<file name="winner_reesing_jeffrey.jpg" server="www.dreamshock.com/public_html/" local="130077345123353582" remote="130083369000000000" Dst="1" />
<file name="winner_reiss_steven.jpg" server="www.dreamshock.com/public_html/" local="130077345159307764" remote="130083369000000000" Dst="1" />
<file name="winner_renmans_bram.jpg" server="www.dreamshock.com/public_html/" local="130077345165353510" remote="130083369000000000" Dst="1" />
<file name="winner_richards_andrew.jpg" server="www.dreamshock.com/public_html/" local="130077342833065294" remote="130083369000000000" Dst="1" />
<file name="winner_robinson_bliss_simmons.jpg" server="www.dreamshock.com/public_html/" local="130077345198414934" remote="130083369000000000" Dst="1" />
<file name="winner_robinson_greg.jpg" server="www.dreamshock.com/public_html/" local="130077345204911108" remote="130083369000000000" Dst="1" />
<file name="winner_roboz_adrienne_jay_jay.jpg" server="www.dreamshock.com/public_html/" local="130077345219655119" remote="130083369000000000" Dst="1" />
<file name="winner_rogers_john_l.jpg" server="www.dreamshock.com/public_html/" local="130077345225991147" remote="130083369000000000" Dst="1" />
<file name="winner_ronco_alison_n.jpg" server="www.dreamshock.com/public_html/" local="130077345240414853" remote="130083369000000000" Dst="1" />
<file name="winner_russo_chris.jpg" server="www.dreamshock.com/public_html/" local="130077345281583994" remote="130083369000000000" Dst="1" />
<file name="winner_santanna__mauricio.jpg" server="www.dreamshock.com/public_html/" local="130077345309230277" remote="130083369000000000" Dst="1" />
<file name="winner_santanna_mauricio.jpg" server="www.dreamshock.com/public_html/" local="130077345309230277" remote="130083369000000000" Dst="1" />
<file name="winner_schwartz_chelsea.jpg" server="www.dreamshock.com/public_html/" local="130077345344243545" remote="130083369000000000" Dst="1" />
<file name="winner_sikarwar_laghu.jpg" server="www.dreamshock.com/public_html/" local="130077344304675087" remote="130083369000000000" Dst="1" />
<file name="winner_singh_namrata.jpg" server="www.dreamshock.com/public_html/" local="130077345427132332" remote="130083369000000000" Dst="1" />
<file name="winner_sjaavik_espen_dusik.jpg" server="www.dreamshock.com/public_html/" local="130077345439764402" remote="130083369000000000" Dst="1" />
<file name="winner_stedman_peter_mark.jpg" server="www.dreamshock.com/public_html/" local="130077345540991360" remote="130083369000000000" Dst="1" />
<file name="winner_stephens_kim_r.jpg" server="www.dreamshock.com/public_html/" local="130077345565629157" remote="130083369000000000" Dst="1" />
<file name="winner_tate_evan.jpg" server="www.dreamshock.com/public_html/" local="130077343520048297" remote="130083369000000000" Dst="1" />
<file name="winner_stroka_chris.jpg" server="www.dreamshock.com/public_html/" local="130077345588749882" remote="130083369000000000" Dst="1" />
<file name="winner_vaillant_stephan.jpg" server="www.dreamshock.com/public_html/" local="130077345752081733" remote="130083369000000000" Dst="1" />
<file name="winner_vranckx_peter.jpg" server="www.dreamshock.com/public_html/" local="130077345804793291" remote="130083369000000000" Dst="1" />
<file name="winner_way_krista.jpg" server="www.dreamshock.com/public_html/" local="130077345842247204" remote="130083369000000000" Dst="1" />
<file name="winner_west_kelley.jpg" server="www.dreamshock.com/public_html/" local="130077345861495901" remote="130083369000000000" Dst="1" />
<file name="winner_weyers_lee.jpg" server="www.dreamshock.com/public_html/" local="130077345866762853" remote="130083369000000000" Dst="1" />
<file name="winner_whitney_neil.jpg" server="www.dreamshock.com/public_html/" local="130077345901131864" remote="130083369000000000" Dst="1" />
<file name="winner_wong_eddy.jpg" server="www.dreamshock.com/public_html/" local="130077345932128669" remote="130083369000000000" Dst="1" />
<file name="winner_zapparoli_alexandre_thiele.jpg" server="www.dreamshock.com/public_html/" local="130077345965080666" remote="130083369000000000" Dst="1" />
<file name="winner_zieno_stephanie_l.jpg" server="www.dreamshock.com/public_html/" local="130077345996700735" remote="130083369000000000" Dst="1" />
<file name="winner_zurita_alfonso.jpg" server="www.dreamshock.com/public_html/" local="130077346010784110" remote="130083369000000000" Dst="1" />
<file name="host_ali_moe.jpg" server="www.dreamshock.com/public_html/" local="130077342821324131" remote="130096674600000000" Dst="2" />
<file name="winner_junck_andreas.jpg" server="www.dreamshock.com/public_html/" local="130087017260238461" remote="130096674600000000" Dst="2" />
<file name="winner_lilly_leigh_ann.jpg" server="www.dreamshock.com/public_html/" local="130095495660261155" remote="130096674600000000" Dst="2" />
</dwsync>