<?xml version="1.0" encoding="utf-8" ?>
<dwsync>
<file name="client_tokenid.txt" server="www.dreamshock.com/public_html/" local="130356395167612240" remote="130356391800000000" Dst="1" />
<file name="ck.pem" server="www.dreamshock.com/public_html/" local="130355163795452078" remote="130353918600000000" Dst="1" />
<file name="dev_ck.pem" server="www.dreamshock.com/public_html/" local="130355163798635038" remote="130354747200000000" Dst="1" />
<file name="dev_push.php" server="www.dreamshock.com/public_html/" local="130356395168583167" remote="130356328200000000" Dst="1" />
<file name="push.php" server="www.dreamshock.com/public_html/" local="130355163810877309" remote="130353926400000000" Dst="1" />
<file name="push_register.php" server="www.dreamshock.com/public_html/" local="130355163810857286" remote="130354905600000000" Dst="1" />
<file name="temp.php" server="www.dreamshock.com/public_html/" local="130355163815009701" remote="130355118000000000" Dst="1" />
<file name="pushnotification.php" server="www.dreamshock.com/public_html/" local="130355163815019581" remote="130353916200000000" Dst="1" />
</dwsync>