<?xml version="1.0" encoding="utf-8" ?>
<dwsync>
<file name="paperTexture.jpg" server="www.dreamshock.com/public_html/" local="129959856138737448" remote="130083361800000000" Dst="1" />
<file name="arrowDown.png" server="www.dreamshock.com/public_html/" local="129959997398087021" remote="130083361800000000" Dst="1" />
<file name="rightArrow.png" server="www.dreamshock.com/public_html/" local="130068840558613023" remote="130083361800000000" Dst="1" />
<file name="home_icon.png" server="www.dreamshock.com/public_html/" local="130065464390000000" remote="130083361800000000" Dst="1" />
<file name="bulletNav.png" server="www.dreamshock.com/public_html/" local="130068998561472683" remote="130083361800000000" Dst="1" />
<file name="preload.gif" server="www.dreamshock.com/public_html/" local="130071663935967576" remote="130083361800000000" Dst="1" />
<file name="loginGlobe.jpg" server="www.dreamshock.com/public_html/" local="130075788784575905" remote="130083361800000000" Dst="1" />
<file name="login.jpg" server="www.dreamshock.com/public_html/" local="129917888327243107" remote="130083361800000000" Dst="1" />
<file name="mainLogo.png" server="www.dreamshock.com/public_html/" local="129949765839115329" remote="130083361800000000" Dst="1" />
<file name="welcome9.jpg" server="www.dreamshock.com/public_html/" local="130075952267207696" remote="130083361800000000" Dst="1" />
<file name="welcome2.jpg" server="www.dreamshock.com/public_html/" local="130075954404539304" remote="130083361800000000" Dst="1" />
<file name="welcome3.jpg" server="www.dreamshock.com/public_html/" local="130076418312472658" remote="130083361800000000" Dst="1" />
<file name="welcome4.jpg" server="www.dreamshock.com/public_html/" local="130076420031548620" remote="130083361800000000" Dst="1" />
<file name="welcome5.jpg" server="www.dreamshock.com/public_html/" local="130076418977045449" remote="130083361800000000" Dst="1" />
<file name="ico_sydney.png" server="www.dreamshock.com/public_html/" local="130027309111018294" remote="130083361800000000" Dst="1" />
<file name="ico_miami.png" server="www.dreamshock.com/public_html/" local="129959886671033795" remote="130083361800000000" Dst="1" />
<file name="ico_maui.png" server="www.dreamshock.com/public_html/" local="129959886950059755" remote="130083361800000000" Dst="1" />
<file name="ico_rome.png" server="www.dreamshock.com/public_html/" local="129959870195501449" remote="130083361800000000" Dst="1" />
<file name="ico_GrandBahama.png" server="www.dreamshock.com/public_html/" local="129959886073069594" remote="130083361800000000" Dst="1" />
<file name="ico_barcelona.png" server="www.dreamshock.com/public_html/" local="129959887158541679" remote="130083361800000000" Dst="1" />
<file name="ico_Kauai.png" server="www.dreamshock.com/public_html/" local="129959885565630570" remote="130083361800000000" Dst="1" />
<file name="ico_monaco.png" server="www.dreamshock.com/public_html/" local="129959875555388017" remote="130083361800000000" Dst="1" />
<file name="twitterIcon.png" server="www.dreamshock.com/public_html/" local="130076526979923956" remote="130083361800000000" Dst="1" />
<file name="home.png" server="www.dreamshock.com/public_html/" local="129959957337505686" remote="130083361800000000" Dst="1" />
<file name="info.png" server="www.dreamshock.com/public_html/" local="129959962798088014" remote="130083361800000000" Dst="1" />
<file name="photo.png" server="www.dreamshock.com/public_html/" local="129959958648890693" remote="130083361800000000" Dst="1" />
<file name="video.png" server="www.dreamshock.com/public_html/" local="129959957820213296" remote="130083361800000000" Dst="1" />
<file name="hotelGeneric4.jpg" server="www.dreamshock.com/public_html/" local="130071317464871977" remote="130083361800000000" Dst="1" />
<file name="backButton.png" server="www.dreamshock.com/public_html/" local="129953900359056337" remote="130083361800000000" Dst="1" />
<file name="hotelGeneric3.jpg" server="www.dreamshock.com/public_html/" local="130071310905528520" remote="130083361800000000" Dst="1" />
<file name="hotelGeneric1.jpg" server="www.dreamshock.com/public_html/" local="130071310647053471" remote="130083361800000000" Dst="1" />
<file name="hotelGeneric5.jpg" server="www.dreamshock.com/public_html/" local="130071317769195470" remote="130083361800000000" Dst="1" />
<file name="hotelGeneric.jpg" server="www.dreamshock.com/public_html/" local="129954614996311250" remote="130083361800000000" Dst="1" />
<file name="hotelGeneric2.jpg" server="www.dreamshock.com/public_html/" local="130027386837694005" remote="130083362400000000" Dst="1" />
<file name="hotelGeneric6.jpg" server="www.dreamshock.com/public_html/" local="130071335425777543" remote="130083362400000000" Dst="1" />
<file name="map_WelcomeRec.png" server="www.dreamshock.com/public_html/" local="130082564718957113" remote="130083362400000000" Dst="1" />
<file name="map_KickOff.png" server="www.dreamshock.com/public_html/" local="130082565465237783" remote="130083362400000000" Dst="1" />
<file name="map_MiamiNights.png" server="www.dreamshock.com/public_html/" local="130082552415308924" remote="130083362400000000" Dst="1" />
<file name="map_GalaDinnerDrinks.png" server="www.dreamshock.com/public_html/" local="130082571019458398" remote="130083362400000000" Dst="1" />
<file name="map_GalaDinner.png" server="www.dreamshock.com/public_html/" local="130082566179519367" remote="130083362400000000" Dst="1" />
<file name="tours.jpg" server="www.dreamshock.com/public_html/" local="129948047674691945" remote="130083362400000000" Dst="1" />
</dwsync>