<?xml version="1.0" encoding="utf-8" ?>
<dwsync>
<file name="eventInfo_1008.png" server="www.dreamshock.com/public_html/" local="129959834557656256" remote="130083361800000000" Dst="1" />
<file name="agenda_1008.png" server="www.dreamshock.com/public_html/" local="129959833349609376" remote="130083361800000000" Dst="1" />
<file name="winnersDiary_1008.png" server="www.dreamshock.com/public_html/" local="130076660773950509" remote="130083361800000000" Dst="1" />
<file name="photos_1008.png" server="www.dreamshock.com/public_html/" local="129959866326406240" remote="130083361800000000" Dst="1" />
<file name="videos_1008.png" server="www.dreamshock.com/public_html/" local="129959868524882816" remote="130083361800000000" Dst="1" />
<file name="yearbook_1008.png" server="www.dreamshock.com/public_html/" local="129959870412513861" remote="130083361800000000" Dst="1" />
<file name="feedback_1008.png" server="www.dreamshock.com/public_html/" local="130076659835807646" remote="130083361800000000" Dst="1" />
<file name="hotelinfo_1008.png" server="www.dreamshock.com/public_html/" local="129959835512265632" remote="130083361800000000" Dst="1" />
<file name="hotelmap_1008.png" server="www.dreamshock.com/public_html/" local="129959863995351568" remote="130083361800000000" Dst="1" />
<file name="generalinfo_1008.png" server="www.dreamshock.com/public_html/" local="129959834557656256" remote="130083361800000000" Dst="1" />
<file name="restaurant_1008.png" server="www.dreamshock.com/public_html/" local="129959866905976560" remote="130083361800000000" Dst="1" />
<file name="tours_1008.png" server="www.dreamshock.com/public_html/" local="129959864576054688" remote="130083361800000000" Dst="1" />
</dwsync>